/*
Navicat MySQL Data Transfer

Source Server         : maria
Source Server Version : 50505
Source Host           : localhost:3307
Source Database       : spider

Target Server Type    : MYSQL
Target Server Version : 50505
File Encoding         : 65001

Date: 2018-01-17 13:47:37
*/

SET FOREIGN_KEY_CHECKS=0;

-- ----------------------------
-- Table structure for `bond_market`
-- ----------------------------
DROP TABLE IF EXISTS `bond_market`;
CREATE TABLE `bond_market` (
  `id` varchar(11) COLLATE utf8_unicode_ci NOT NULL COMMENT '主键id',
  `code` varchar(255) COLLATE utf8_unicode_ci DEFAULT NULL COMMENT '证券代码',
  `abbre` varchar(255) COLLATE utf8_unicode_ci DEFAULT NULL COMMENT '证券简称',
  `title` varchar(255) COLLATE utf8_unicode_ci DEFAULT NULL COMMENT '公告标题',
  `category` varchar(255) COLLATE utf8_unicode_ci DEFAULT NULL COMMENT '类别',
  `publish_date` varchar(255) COLLATE utf8_unicode_ci DEFAULT NULL COMMENT '公告时间',
  `create_time` datetime DEFAULT NULL COMMENT '创建时间',
  `adjunct_url` varchar(255) COLLATE utf8_unicode_ci DEFAULT NULL COMMENT 'pdf下载url字符串',
  PRIMARY KEY (`id`)
) ENGINE=InnoDB DEFAULT CHARSET=utf8 COLLATE=utf8_unicode_ci;

-- ----------------------------
-- Records of bond_market
-- ----------------------------

-- ----------------------------
-- Table structure for `crawler_content`
-- ----------------------------
DROP TABLE IF EXISTS `crawler_content`;
CREATE TABLE `crawler_content` (
  `cid` int(11) NOT NULL AUTO_INCREMENT,
  `id` varchar(32) COLLATE utf8_unicode_ci NOT NULL,
  `url` varchar(255) COLLATE utf8_unicode_ci DEFAULT NULL,
  `title` varchar(255) COLLATE utf8_unicode_ci DEFAULT NULL,
  `time` varchar(255) COLLATE utf8_unicode_ci DEFAULT NULL,
  `content_body` longtext COLLATE utf8_unicode_ci DEFAULT NULL,
  `created` datetime DEFAULT NULL,
  `ref_id` varchar(32) COLLATE utf8_unicode_ci DEFAULT NULL,
  PRIMARY KEY (`cid`)
) ENGINE=InnoDB AUTO_INCREMENT=1096 DEFAULT CHARSET=utf8 COLLATE=utf8_unicode_ci;

-- ----------------------------
-- Records of crawler_content
-- ----------------------------
INSERT INTO `crawler_content` VALUES ('1076', '20be068e337f4c5ca2101ad472d3c6ca', 'http://www.oschina.net/news/92514/wordpress-4-9-2-released', 'WordPress 4.9.2 安全维护更新版本发布，建议升级', null, '<p style=\"margin:0 0 10px 0;\"><a data-traceid=\"news_detail_above_text_link_1\" data-tracepid=\"news_detail_above_text_link\" style=\"color:#A00;font-weight:bold;\" href=\"http://click.aliyun.com/m/18500/\" target=\"_blank\">阿里云高性能云服务器，2折起！ &gt;&gt;&gt; &gt;&gt;&gt;</a>&nbsp;&nbsp;<img src=\"https://my.oschina.net/img/hot3.png\" align=\"\" style=\"max-height: 32px; max-width: 32px;\"></p> \n<div class=\"thumb\"> \n <a href=\"/p/wordpress\" target=\"_blank\" class=\"small\"> <img src=\"/img/logo/wordpress.png?t=1451964198000\" alt=\"WordPress\"> </a> \n</div> \n<p>刚刚，WordPress 开发团队发布了&nbsp;<a data-cke-saved-href=\"https://wordpress.org/news/2018/01/wordpress-4-9-2-security-and-maintenance-release/\" href=\"https://wordpress.org/news/2018/01/wordpress-4-9-2-security-and-maintenance-release/\" target=\"_blank\">WordPress 4.9.2 安全维护更新版本</a>。这次更新是针对 WordPress 3.7 版本以来的所有版本，我们建议您立即更新您的网站到这一版本。</p>\n<p>MediaElement 的 Flash 回滚文件中发现了一个 XSS 安全漏洞，这个文件被包含在了 WordPress 之中。由于绝大多数情况下，用户们已经不再需要 Flash 支持，WordPress 的开发者决定在 WordPress 中删除这一文件。</p>\n<p>如果你还想要在网站中继续使用 Flash ，需要支持 Flash 功能的话，<a data-cke-saved-href=\"https://wordpress.org/plugins/mediaelement-flash-fallbacks/\" href=\"https://wordpress.org/plugins/mediaelement-flash-fallbacks/\" target=\"_blank\">MediaElement 发布了一个 WordPress 插件</a>，其中包含了已经修复以上问题的文件，您可以下载安装此插件。</p>\n<p>此外，WordPress 4.9.2 还修复了其他 21 个 bug，主要包括：</p>\n<ul class=\" list-paddingleft-2\">\n <li><p>修了在 Firefox 中阻止保存文章的 JavaScript 错误。</p></li>\n <li><p>恢复了先前的 get_category_link() 和 category_description() 。</p></li>\n <li><p>切换主题时，尝试恢复之前主题中的小工具，即使没有进行侧边栏映射。</p></li>\n</ul>\n<p>更为详细的发布信息，可以<a data-cke-saved-href=\"https://codex.wordpress.org/Version_4.9.2\" href=\"https://codex.wordpress.org/Version_4.9.2\" target=\"_blank\">查看 WordPress 4.9.2 的发布日志（英文）</a>。</p>\n<p>新用户可以从这里点击下载 WordPress 4.9.2，已经安装 WordPress 的用户，可以通过管理后台直接一键更新到最新版本。重要生产网站，请务必在更新之前进行备份，以免升级过程中出现意外。</p>\n<p>来自：<a data-cke-saved-href=\"http://wpchina.org/wordpress-4-9-2-release-5564/\" href=\"http://wpchina.org/wordpress-4-9-2-release-5564/\" target=\"_blank\">WordPress中文网</a></p>', '2018-01-17 12:34:07', '13118d0ada1741f0b5d816907cf7178c');
INSERT INTO `crawler_content` VALUES ('1077', 'b551c49c80344f51b9513a732c311210', 'http://www.oschina.net/news/92513/hitchhiker-0-8-released', 'API 测试工具 Hitchhiker v0.8 发布，自动化测试结果统计', null, '<p style=\"margin:0 0 10px 0;\"><a data-traceid=\"news_detail_above_text_link_1\" data-tracepid=\"news_detail_above_text_link\" style=\"color:#A00;font-weight:bold;\" href=\"http://click.aliyun.com/m/18500/\" target=\"_blank\">阿里云高性能云服务器，2折起！ &gt;&gt;&gt; &gt;&gt;&gt;</a>&nbsp;&nbsp;<img src=\"https://my.oschina.net/img/hot3.png\" align=\"\" style=\"max-height: 32px; max-width: 32px;\"></p> \n<p>Hitchhiker 是一款开源的支持多人协作的 Restful Api 测试工具，支持自动化测试, 数据对比，压力测试，支持脚本定制请求，可以轻松部署到本地，和你的team成员一起协作测试Api。<br><br>详细介绍请看：&nbsp;<a data-cke-saved-href=\"http://doc.hitchhiker-api.com/cn/introduction.html\" href=\"http://doc.hitchhiker-api.com/cn/introduction.html\" target=\"_blank\">http://doc.hitchhiker-api.com/cn/introduction.html</a><br><br>在线体验：&nbsp;<a data-cke-saved-href=\"http://www.hitchhiker-api.com/\" href=\"http://www.hitchhiker-api.com/\" target=\"_blank\">http://www.hitchhiker-api.com/</a>， 可以用 `try without login` 来免登录使用 （在线演示不支持压力测试和上传js库，虚拟机单核的，撑不住）。<br>&nbsp;<br><strong>自动化测试的统计视图</strong><br><br>Schedule默认展示的视图是每次跑Collection的结果，这个表可以很方便看到每次测试的结果，有哪些成功，有哪些失败，失败的response，数据对比的结果等。 但是有时我们可能希望看到Collection下面每个请求在这一段时间内的运行状况，哪些request比较稳定，哪些会经常有问题，然后改进。<br><br>所以这次把自动化测试后每个请求的统计视图做出来了。<br><img data-cke-saved-src=\"https://raw.githubusercontent.com/brookshi/images/master/Hitchhiker/schedule/statistics.png\" src=\"https://raw.githubusercontent.com/brookshi/images/master/Hitchhiker/schedule/statistics.png\" alt=\"\"><br><br>exculde depredated request选项, 默认是true，如果false的话会把曾经在这个Collection现在已经被删掉的记录也包含进来。<br><br><strong>一次跑多个Schedule</strong><br><br>有时做代码上做了更改之后想跑下这些测试，每个Schedule都点一下的话还是略显麻烦，现在给Schedule前面加了个checkbox，勾上的话会有一个Run Selected Schedules的按钮在上面显示出来，点这个按钮会一次跑所有勾上的Schedule，方便使用。<br><img data-cke-saved-src=\"https://raw.githubusercontent.com/brookshi/images/master/Hitchhiker/schedule/runselect.png\" src=\"https://raw.githubusercontent.com/brookshi/images/master/Hitchhiker/schedule/runselect.png\" alt=\"\"><br><br><strong>中断压力测试</strong><br><br>因为可能在压力测试过程中服务端已经暴露出了问题，不需要再跑下去，这时可以停止当前压力测试。<br><img data-cke-saved-src=\"https://raw.githubusercontent.com/brookshi/images/master/Hitchhiker/stress/stop.png\" src=\"https://raw.githubusercontent.com/brookshi/images/master/Hitchhiker/stress/stop.png\" alt=\"\"><br><br><br><strong>Step by step安装</strong><br><br>Hitchhiker的部署一直是个头痛的问题，虽然支持docker很方便的部署，不过并不是所有人都会或者说愿意使用docker，毕竟很大一部分受众是测试，需要从他们角度来思考下，怎样简化部署。<br><br>这次先把包打好了，然后加了个setup的脚本在服务端运行，通过浏览器就可以完成一步一步部署了。<br><br><img data-cke-saved-src=\"https://raw.githubusercontent.com/brookshi/images/master/Hitchhiker/setup.png\" src=\"https://raw.githubusercontent.com/brookshi/images/master/Hitchhiker/setup.png\" alt=\"\"><br><br><br><strong>其他小功能及bug fix</strong><br><br>1. Schedule表某些列支持过滤。<br>2. Duplicate出来的environment的改动变影响到原始的environment<br><br><strong>后续计划</strong><br><br>短期内还是以继续增加测试新功能为主，比如基于UI的断言测试等。<br></p>\n<p>码云:&nbsp;<a data-cke-saved-href=\"https://gitee.com/iwxiaot/Hitchhiker\" href=\"https://gitee.com/iwxiaot/Hitchhiker\" target=\"_blank\">https://gitee.com/iwxiaot/Hitchhiker</a></p>', '2018-01-17 12:34:08', '13118d0ada1741f0b5d816907cf7178c');
INSERT INTO `crawler_content` VALUES ('1078', '48b0021bddea490dac82838eba1ee5a9', 'http://www.oschina.net/news/92512/jdk-9-0-4-and-8u161-and-8u162', 'JDK 9.0.4，8u161，8u162 发布，Java 开发工具包', null, '<p style=\"margin:0 0 10px 0;\"><a data-traceid=\"news_detail_above_text_link_1\" data-tracepid=\"news_detail_above_text_link\" style=\"color:#A00;font-weight:bold;\" href=\"http://click.aliyun.com/m/18500/\" target=\"_blank\">阿里云高性能云服务器，2折起！ &gt;&gt;&gt; &gt;&gt;&gt;</a>&nbsp;&nbsp;<img src=\"https://my.oschina.net/img/hot3.png\" align=\"\" style=\"max-height: 32px; max-width: 32px;\"></p> \n<div class=\"thumb\"> \n <a href=\"/p/sun+jdk\" target=\"_blank\" class=\"small\"> <img src=\"/img/logo/java.png?t=1451964198000\" alt=\"JDK\"> </a> \n</div> \n<p><strong>JDK 9.0.4 版本发布</strong>，此版本的完整版本字符串是 9.0.4 + 11&nbsp;（其中“+”表示“build”）。这是 JDK 9 的最终计划版本。</p>\n<p>bug 修复：</p>\n<ul class=\" list-paddingleft-2\">\n <li><p>JNLP files won\'t launch from IE11 on Windows 10 Creators Update<br></p></li>\n <li><p>s390: Some java boolean checks are not correct<br></p></li>\n <li><p>Provide media support for libav version 57<br></p></li>\n <li><p>Underscore not visible in HTML combo box options inside webview<br></p></li>\n <li><p>Possible crash due to use‑after‑free<br></p></li>\n <li><p>Open‑source the Oracle JDK Root Certificates<br></p></li>\n <li><p>A comment in the java.security configuration file incorrectly says that \"strong but limited\" is the default value<br></p></li>\n <li><p>Negotiated Finite Field Diffie‑Hellman Ephemeral Parameters for TLS<br></p></li>\n</ul>\n<p>完整更新内容请查看<a data-cke-saved-href=\"http://www.oracle.com/technetwork/java/javase/9-0-4-relnotes-4021191.html\" href=\"http://www.oracle.com/technetwork/java/javase/9-0-4-relnotes-4021191.html\">发布主页</a>。</p>\n<p><strong>JDK 8u162 发布</strong>。此更新版本的完整版本字符串是1.8.0_162-b12（其中“b”表示“build”）。<br></p>\n<p>更新内容：</p>\n<p>bug 修复：</p>\n<ul class=\" list-paddingleft-2\">\n <li><p>Characters are skipped on input of Korean text on OS X<br></p></li>\n <li><p>Create an alternative fix for JDK‑8167102, whose fix was backed out<br></p></li>\n <li><p>[macos] Font2DTest demo started failing for Arabic range from JDK 8 u162 b01 on Mac<br></p></li>\n</ul>\n<p>完整内容请查看<a data-cke-saved-href=\"http://www.oracle.com/technetwork/java/javase/8u162-relnotes-4021436.html\" href=\"http://www.oracle.com/technetwork/java/javase/8u162-relnotes-4021436.html\">发布主页</a>。</p>\n<p><strong>JDK&nbsp; 8u161 发布</strong>。此更新版本的完整版本字符串是1.8.0_161-b12（其中“b”表示“build”）。<br></p>\n<p>bug 修复：</p>\n<ul class=\" list-paddingleft-2\">\n <li><p>Resizing dialog which is JWindow parent makes JVM crash<br></p></li>\n <li><p>Text in native popup is not always updated with Sogou IME<br></p></li>\n <li><p>DNS provider cleanups<br></p></li>\n <li><p>64 bit java install not setting jnlp associate if lower 32bit versions exist<br></p></li>\n <li><p>JVM crashes sometimes while starting<br></p></li>\n</ul>\n<p>完整内容请查看<a data-cke-saved-href=\"http://www.oracle.com/technetwork/java/javase/8u161-relnotes-4021379.html\" href=\"http://www.oracle.com/technetwork/java/javase/8u161-relnotes-4021379.html\">发布主页</a>。</p>\n<p>下载地址：<a data-cke-saved-href=\"http://www.oracle.com/technetwork/java/javase/downloads/index.html\" href=\"http://www.oracle.com/technetwork/java/javase/downloads/index.html\">http://www.oracle.com/technetwork/java/javase/downloads/index.html</a></p>', '2018-01-17 12:34:09', '13118d0ada1741f0b5d816907cf7178c');
INSERT INTO `crawler_content` VALUES ('1079', '522f998eb71844958580c9c3ec733140', 'http://www.oschina.net/news/92511/kibana-6-1-2-released', 'Kibana 6.1.2 发布，高效日志搜索和分析平台', null, '<p style=\"margin:0 0 10px 0;\"><a data-traceid=\"news_detail_above_text_link_1\" data-tracepid=\"news_detail_above_text_link\" style=\"color:#A00;font-weight:bold;\" href=\"http://click.aliyun.com/m/18500/\" target=\"_blank\">阿里云高性能云服务器，2折起！ &gt;&gt;&gt; &gt;&gt;&gt;</a>&nbsp;&nbsp;<img src=\"https://my.oschina.net/img/hot3.png\" align=\"\" style=\"max-height: 32px; max-width: 32px;\"></p> \n<div class=\"thumb\"> \n <a href=\"/p/kibana\" target=\"_blank\" class=\"small\"> <img src=\"https://static.oschina.net/uploads/logo/kibana_QDNOz.png\" alt=\"Kibana\"> </a> \n</div> \n<p>Kibana 6.1.2 版本发布，Kibana 是一个为&nbsp;<a data-cke-saved-href=\"http://www.oschina.net/p/logstash\" href=\"http://www.oschina.net/p/logstash\" target=\"_blank\">Logstash</a>&nbsp;和&nbsp;<a data-cke-saved-href=\"http://www.oschina.net/p/elasticsearch\" href=\"http://www.oschina.net/p/elasticsearch\" target=\"_blank\">ElasticSearch</a>&nbsp;提供的日志分析的 Web 接口。可使用它对日志进行高效的搜索、可视化、分析等各种操作。<br></p>\n<p>更新内容：</p>\n<h3>安全问题</h3>\n<ul class=\" list-paddingleft-2\">\n <li><p>Kibana版本 5.1.1 至 6.1.2 存在跨站点脚本（XSS）漏洞，允许攻击者从获取 Kibana 用户敏感信息或执行破坏性操作。</p></li>\n</ul>\n<p>建议用户应该升级到 Kibana&nbsp; 6.1.2 或 5.6.6 版本。</p>\n<h3>增强功能</h3>\n<p>开发工具</p>\n<ul class=\" list-paddingleft-2\">\n <li><p>控制台为 agg 组件添加自动完成规则</p></li>\n</ul>\n<h3>错误修复</h3>\n<p>可视化</p>\n<ul class=\" list-paddingleft-2\">\n <li><p>修复 6.1 版本加载器</p></li>\n <li><p>如果未应用标签，将饼图大小更改为正常</p></li>\n</ul>\n<p>平台</p>\n<ul class=\" list-paddingleft-2\">\n <li><p>更新颜色字段格式化程序&nbsp;</p></li>\n</ul>\n<p>完整内容请查看<a data-cke-saved-href=\"https://www.elastic.co/guide/en/kibana/6.1/release-notes-6.1.2.html\" href=\"https://www.elastic.co/guide/en/kibana/6.1/release-notes-6.1.2.html\">发行说明</a>。</p>\n<p>下载地址：<a data-cke-saved-href=\"https://www.elastic.co/downloads\" href=\"https://www.elastic.co/downloads\">https://www.elastic.co/downloads</a></p>', '2018-01-17 12:34:11', '13118d0ada1741f0b5d816907cf7178c');
INSERT INTO `crawler_content` VALUES ('1080', 'bff1afdd71c14b2288e1042673aae528', 'http://www.oschina.net/news/92510/logstash-6-1-2-released', 'Logstash 6.1.2 发布，开源服务端数据处理流程', null, '<p style=\"margin:0 0 10px 0;\"><a data-traceid=\"news_detail_above_text_link_1\" data-tracepid=\"news_detail_above_text_link\" style=\"color:#A00;font-weight:bold;\" href=\"http://click.aliyun.com/m/18500/\" target=\"_blank\">阿里云高性能云服务器，2折起！ &gt;&gt;&gt; &gt;&gt;&gt;</a>&nbsp;&nbsp;<img src=\"https://my.oschina.net/img/hot3.png\" align=\"\" style=\"max-height: 32px; max-width: 32px;\"></p> \n<div class=\"thumb\"> \n <a href=\"/p/logstash\" target=\"_blank\" class=\"small\"> <img src=\"/img/logo/logstash.gif?t=1451964198000\" alt=\"Logstash\"> </a> \n</div> \n<p>Logstash 是一个开源的服务端数据处理流程，可同时从多个源中获取数据，将其转换，然后将其发送到“收藏”中，目前拥有超过 200 个插件。它能集中、转换和藏匿您的数据。<br></p>\n<p>Logstash 6.1.2 更新内容：<br></p>\n<p>bug 修复：</p>\n<ul class=\" list-paddingleft-2\">\n <li><p>Fixed a bug that caused empty objects when cloning Logstash Timestamp instances</p></li>\n <li><p>Changed the way pipeline configurations are hashed to ensure consistence (not user facing)</p></li>\n</ul>\n<h4>输入插件：</h4>\n<p><strong><code>Beats</code></strong>:</p>\n<ul class=\" list-paddingleft-2\">\n <li><p>Re-order Netty pipeline to avoid NullPointerExceptions in KeepAliveHandler when Logstash is under load</p></li>\n <li><p>Improve exception logging</p></li>\n <li><p>Upgrade to Netty 4.1.18 with tcnative 2.0.7</p></li>\n <li><p>Better handle case when remoteAddress is nil to reduce amount of warning messages in logs</p></li>\n</ul>\n<p><strong><code>Jdbc</code></strong>:</p>\n<ul class=\" list-paddingleft-2\">\n <li><p>Fix thread and memory leak. See (<a data-cke-saved-href=\"https://github.com/logstash-plugins/logstash-input-jdbc/issues/255\" href=\"https://github.com/logstash-plugins/logstash-input-jdbc/issues/255\" target=\"_top\">#255</a>)</p></li>\n</ul>\n<p><strong><code>Kafka</code></strong>:</p>\n<ul class=\" list-paddingleft-2\">\n <li><p>Upgrade Kafka client to version 1.0.0</p></li>\n</ul>\n<p>完整内容请查看<a data-cke-saved-href=\"https://www.elastic.co/guide/en/logstash/6.1/logstash-6-1-2.html#_input_plugins_2\" href=\"https://www.elastic.co/guide/en/logstash/6.1/logstash-6-1-2.html#_input_plugins_2\">发行说明</a>。</p>\n<p>下载地址：<a data-cke-saved-href=\"https://www.elastic.co/downloads\" href=\"https://www.elastic.co/downloads\">https://www.elastic.co/downloads/logstash</a></p>', '2018-01-17 12:34:12', '13118d0ada1741f0b5d816907cf7178c');
INSERT INTO `crawler_content` VALUES ('1081', 'b78a56d489b0414286ee5de87093401a', 'http://www.oschina.net/news/92509/elasticsearch-6-1-2-and-5-6-6-released', '分布式搜索引擎 ElasticSearch 6.1.2 和 5.6.6 发布', null, '<p style=\"margin:0 0 10px 0;\"><a data-traceid=\"news_detail_above_text_link_1\" data-tracepid=\"news_detail_above_text_link\" style=\"color:#A00;font-weight:bold;\" href=\"http://click.aliyun.com/m/18500/\" target=\"_blank\">阿里云高性能云服务器，2折起！ &gt;&gt;&gt; &gt;&gt;&gt;</a>&nbsp;&nbsp;<img src=\"https://my.oschina.net/img/hot3.png\" align=\"\" style=\"max-height: 32px; max-width: 32px;\"></p> \n<div class=\"thumb\"> \n <a href=\"/p/elasticsearch\" target=\"_blank\" class=\"small\"> <img src=\"https://static.oschina.net/uploads/logo/elasticsearch_JZKIC.png\" alt=\"ElasticSearch\"> </a> \n</div> \n<p>ElasticSearch 6.1.2 和 5.6.6 已发布，和平时一样，更新内容主要是功能增强、Bug 修复以及一些升级，具体如下：</p>\n<p><strong>6.1.2 更新内容</strong></p>\n<p><strong>增强</strong></p>\n<p>Internal</p>\n<ul class=\" list-paddingleft-2\">\n <li><p>Make AbstractQueryBuilder.declareStandardFields to be protected (#27865)&nbsp;<a data-cke-saved-href=\"https://github.com/elastic/elasticsearch/pull/27894\" href=\"https://github.com/elastic/elasticsearch/pull/27894\" target=\"_top\">#27894</a>&nbsp;(issue:&nbsp;<a data-cke-saved-href=\"https://github.com/elastic/elasticsearch/issues/27865\" href=\"https://github.com/elastic/elasticsearch/issues/27865\" target=\"_top\">#27865</a>)</p></li>\n</ul>\n<p><strong>Bug 修复</strong></p>\n<p>Aggregations</p>\n<ul class=\" list-paddingleft-2\">\n <li><p>Fix incorrect results for aggregations nested under a nested aggregation&nbsp;<a data-cke-saved-href=\"https://github.com/elastic/elasticsearch/pull/27946\" href=\"https://github.com/elastic/elasticsearch/pull/27946\" target=\"_top\">#27946</a>&nbsp;(issue:&nbsp;<a data-cke-saved-href=\"https://github.com/elastic/elasticsearch/issues/27912\" href=\"https://github.com/elastic/elasticsearch/issues/27912\" target=\"_top\">#27912</a>)</p></li>\n <li><p>Fix composite aggregation when after term is missing in the shard&nbsp;<a data-cke-saved-href=\"https://github.com/elastic/elasticsearch/pull/27936\" href=\"https://github.com/elastic/elasticsearch/pull/27936\" target=\"_top\">#27936</a></p></li>\n <li><p>Fix preserving FiltersAggregationBuilder#keyed field on rewrite&nbsp;<a data-cke-saved-href=\"https://github.com/elastic/elasticsearch/pull/27900\" href=\"https://github.com/elastic/elasticsearch/pull/27900\" target=\"_top\">#27900</a>&nbsp;(issue:&nbsp;<a data-cke-saved-href=\"https://github.com/elastic/elasticsearch/issues/27841\" href=\"https://github.com/elastic/elasticsearch/issues/27841\" target=\"_top\">#27841</a>)</p></li>\n</ul>\n<p>Engine</p>\n<ul class=\" list-paddingleft-2\">\n <li><p>Use&nbsp;<code>_refresh</code>&nbsp;to shrink the version map on inactivity&nbsp;<a data-cke-saved-href=\"https://github.com/elastic/elasticsearch/pull/27918\" href=\"https://github.com/elastic/elasticsearch/pull/27918\" target=\"_top\">#27918</a>&nbsp;(issue:&nbsp;<a data-cke-saved-href=\"https://github.com/elastic/elasticsearch/issues/27852\" href=\"https://github.com/elastic/elasticsearch/issues/27852\" target=\"_top\">#27852</a>)</p></li>\n <li><p>Allow resize version map under lock even if there are pending operations&nbsp;<a data-cke-saved-href=\"https://github.com/elastic/elasticsearch/pull/27870\" href=\"https://github.com/elastic/elasticsearch/pull/27870\" target=\"_top\">#27870</a>&nbsp;(issue:&nbsp;<a data-cke-saved-href=\"https://github.com/elastic/elasticsearch/issues/27852\" href=\"https://github.com/elastic/elasticsearch/issues/27852\" target=\"_top\">#27852</a>)</p></li>\n</ul>\n<p>Network</p>\n<ul class=\" list-paddingleft-2\">\n <li><p>Only bind loopback addresses when binding to local&nbsp;<a data-cke-saved-href=\"https://github.com/elastic/elasticsearch/pull/28029\" href=\"https://github.com/elastic/elasticsearch/pull/28029\" target=\"_top\">#28029</a></p></li>\n</ul>\n<p>Recovery</p>\n<ul class=\" list-paddingleft-2\">\n <li><p>Allow shrinking of indices from a previous major&nbsp;<a data-cke-saved-href=\"https://github.com/elastic/elasticsearch/pull/28076\" href=\"https://github.com/elastic/elasticsearch/pull/28076\" target=\"_top\">#28076</a>&nbsp;(issue:&nbsp;<a data-cke-saved-href=\"https://github.com/elastic/elasticsearch/issues/28061\" href=\"https://github.com/elastic/elasticsearch/issues/28061\" target=\"_top\">#28061</a>)</p></li>\n</ul>\n<p>Search</p>\n<ul class=\" list-paddingleft-2\">\n <li><p>Use the underlying connection version for CCS connections&nbsp;<a data-cke-saved-href=\"https://github.com/elastic/elasticsearch/pull/28093\" href=\"https://github.com/elastic/elasticsearch/pull/28093\" target=\"_top\">#28093</a></p></li>\n <li><p>Carry forward weights, etc on rescore rewrite&nbsp;<a data-cke-saved-href=\"https://github.com/elastic/elasticsearch/pull/27981\" href=\"https://github.com/elastic/elasticsearch/pull/27981\" target=\"_top\">#27981</a>&nbsp;(issue:&nbsp;<a data-cke-saved-href=\"https://github.com/elastic/elasticsearch/issues/27979\" href=\"https://github.com/elastic/elasticsearch/issues/27979\" target=\"_top\">#27979</a>)</p></li>\n</ul>\n<p>Snapshot/Restore</p>\n<ul class=\" list-paddingleft-2\">\n <li><p>Fail restore when the shard allocations max retries count is reached&nbsp;<a data-cke-saved-href=\"https://github.com/elastic/elasticsearch/pull/27493\" href=\"https://github.com/elastic/elasticsearch/pull/27493\" target=\"_top\">#27493</a>&nbsp;(issue:&nbsp;<a data-cke-saved-href=\"https://github.com/elastic/elasticsearch/issues/26865\" href=\"https://github.com/elastic/elasticsearch/issues/26865\" target=\"_top\">#26865</a>)</p></li>\n</ul>\n<p>Translog</p>\n<ul class=\" list-paddingleft-2\">\n <li><p>Only sync translog when global checkpoint increased&nbsp;<a data-cke-saved-href=\"https://github.com/elastic/elasticsearch/pull/27973\" href=\"https://github.com/elastic/elasticsearch/pull/27973\" target=\"_top\">#27973</a>&nbsp;(issues:&nbsp;<a data-cke-saved-href=\"https://github.com/elastic/elasticsearch/issues/27837\" href=\"https://github.com/elastic/elasticsearch/issues/27837\" target=\"_top\">#27837</a>,&nbsp;<a data-cke-saved-href=\"https://github.com/elastic/elasticsearch/issues/27970\" href=\"https://github.com/elastic/elasticsearch/issues/27970\" target=\"_top\">#27970</a>)</p></li>\n</ul>\n<p><strong>5.6.6 更新内容</strong></p>\n<p><strong>Bug 修复</strong></p>\n<p>Index Templates</p>\n<ul class=\" list-paddingleft-2\">\n <li><p>Prevent constructing an index template without index patterns&nbsp;<a data-cke-saved-href=\"https://github.com/elastic/elasticsearch/pull/27662\" href=\"https://github.com/elastic/elasticsearch/pull/27662\" target=\"_top\">#27662</a></p></li>\n</ul>\n<p>Network</p>\n<ul class=\" list-paddingleft-2\">\n <li><p>Only bind loopback addresses when binding to local&nbsp;<a data-cke-saved-href=\"https://github.com/elastic/elasticsearch/pull/28029\" href=\"https://github.com/elastic/elasticsearch/pull/28029\" target=\"_top\">#28029</a>&nbsp;(issue:&nbsp;<a data-cke-saved-href=\"https://github.com/elastic/elasticsearch/issues/1877\" href=\"https://github.com/elastic/elasticsearch/issues/1877\" target=\"_top\">#1877</a>)</p></li>\n</ul>\n<p>Plugin Repository HDFS</p>\n<ul class=\" list-paddingleft-2\">\n <li><p>Fix SecurityException when HDFS Repository used against HA Namenodes&nbsp;<a data-cke-saved-href=\"https://github.com/elastic/elasticsearch/pull/27196\" href=\"https://github.com/elastic/elasticsearch/pull/27196\" target=\"_top\">#27196</a></p></li>\n</ul>\n<p>Search</p>\n<ul class=\" list-paddingleft-2\">\n <li><p>Use the underlying connection version for CCS connections&nbsp;<a data-cke-saved-href=\"https://github.com/elastic/elasticsearch/pull/28093\" href=\"https://github.com/elastic/elasticsearch/pull/28093\" target=\"_top\">#28093</a></p></li>\n <li><p>Fix routing with leading or trailing whitespace&nbsp;<a data-cke-saved-href=\"https://github.com/elastic/elasticsearch/pull/27712\" href=\"https://github.com/elastic/elasticsearch/pull/27712\" target=\"_top\">#27712</a>&nbsp;(issue:&nbsp;<a data-cke-saved-href=\"https://github.com/elastic/elasticsearch/issues/27708\" href=\"https://github.com/elastic/elasticsearch/issues/27708\" target=\"_top\">#27708</a>)</p></li>\n</ul>\n<p>Settings</p>\n<ul class=\" list-paddingleft-2\">\n <li><p>Allow index settings to be reset by wildcards&nbsp;<a data-cke-saved-href=\"https://github.com/elastic/elasticsearch/pull/27671\" href=\"https://github.com/elastic/elasticsearch/pull/27671\" target=\"_top\">#27671</a>&nbsp;(issue:&nbsp;<a data-cke-saved-href=\"https://github.com/elastic/elasticsearch/issues/27537\" href=\"https://github.com/elastic/elasticsearch/issues/27537\" target=\"_top\">#27537</a>)</p></li>\n</ul>\n<p>Snapshot/Restore</p>\n<ul class=\" list-paddingleft-2\">\n <li><p>Fail restore when the shard allocations max retries count is reached&nbsp;<a data-cke-saved-href=\"https://github.com/elastic/elasticsearch/pull/27493\" href=\"https://github.com/elastic/elasticsearch/pull/27493\" target=\"_top\">#27493</a>&nbsp;(issue:&nbsp;<a data-cke-saved-href=\"https://github.com/elastic/elasticsearch/issues/26865\" href=\"https://github.com/elastic/elasticsearch/issues/26865\" target=\"_top\">#26865</a>)</p></li>\n</ul>\n<p><strong>升级</strong></p>\n<p>Ingest</p>\n<ul class=\" list-paddingleft-2\">\n <li><p>update ingest-attachment to use Tika 1.17 and newer deps&nbsp;<a data-cke-saved-href=\"https://github.com/elastic/elasticsearch/pull/27824\" href=\"https://github.com/elastic/elasticsearch/pull/27824\" target=\"_top\">#27824</a></p></li>\n</ul>\n<p>来自：<br><a data-cke-saved-href=\"https://www.elastic.co/guide/en/elasticsearch/reference/current/release-notes-6.1.2.html\" href=\"https://www.elastic.co/guide/en/elasticsearch/reference/current/release-notes-6.1.2.html\" target=\"_blank\">https://www.elastic.co/guide/en/elasticsearch/reference/current/release-notes-6.1.2.html</a><br><a data-cke-saved-href=\"https://www.elastic.co/guide/en/elasticsearch/reference/5.6/release-notes-5.6.6.html\" href=\"https://www.elastic.co/guide/en/elasticsearch/reference/5.6/release-notes-5.6.6.html\" target=\"_blank\">https://www.elastic.co/guide/en/elasticsearch/reference/5.6/release-notes-5.6.6.html</a><br>下载地址：<a data-cke-saved-href=\"https://www.elastic.co/downloads/elasticsearch\" href=\"https://www.elastic.co/downloads/elasticsearch\" target=\"_blank\">https://www.elastic.co/downloads/elasticsearch</a><br>源码下载：<a data-cke-saved-href=\"https://github.com/elastic/elasticsearch/releases\" href=\"https://github.com/elastic/elasticsearch/releases\" target=\"_blank\">https://github.com/elastic/elasticsearch/releases</a></p>', '2018-01-17 12:34:13', '13118d0ada1741f0b5d816907cf7178c');
INSERT INTO `crawler_content` VALUES ('1082', 'f71e4e3f41c34922a065d912eb844258', 'http://www.oschina.net/news/92508/egret-engine-5-1-3-released', '白鹭产品矩阵全系列更新，完善微信小游戏开发体验', null, '<p style=\"margin:0 0 10px 0;\"><a data-traceid=\"news_detail_above_text_link_1\" data-tracepid=\"news_detail_above_text_link\" style=\"color:#A00;font-weight:bold;\" href=\"http://click.aliyun.com/m/18500/\" target=\"_blank\">阿里云高性能云服务器，2折起！ &gt;&gt;&gt; &gt;&gt;&gt;</a>&nbsp;&nbsp;<img src=\"https://my.oschina.net/img/hot3.png\" align=\"\" style=\"max-height: 32px; max-width: 32px;\"></p> \n<p>1月16日，白鹭科技旗下白鹭引擎、Egret Launcher、微端、Egret Wing等4个产品完成更新。其中，白鹭引擎推出5.1.3版本，该版本是对5.1.0版本的一次集中性缺陷修复，主要目标是完善微信小游戏开发体验、AssetsManager 的稳定性。此外，白鹭官方还对 Egret Launcher、微端、Egret Wing 等产品进行更新，增加对 Facebook 的开发支持。</p>\n<p>1.白鹭引擎5.1.3<br>1.1.微信小游戏<br>白鹭引擎5.1.3完善了微信小游戏开发体验，已经随着近期的 Egret Launcher 进行了独立的更新。开发者目前可以通过在Egret Launcher 中重新创建微信项目以得到更新，也可以通过在微信开发者工具的控制台中输入 egret.wxgame.version 检查版本，当前版本为 1.0.10。白鹭引擎5.1.3完善微信小游戏开发体验的更新主要包含：</p>\n<ul class=\" list-paddingleft-2\">\n <li><p>&nbsp;修复 egret run命令执行后，32位 Windows 操作系统显示“请安装最新微信开发者工具”的 BUG</p></li>\n <li><p>&nbsp;修复多个微信小游戏相关的错误，包括：</p></li>\n <li><p>&nbsp;RendererTexture 存在内存泄漏的问题</p></li>\n <li><p>&nbsp;iPhoneX 等全面屏设备的适配问题</p></li>\n <li><p>&nbsp;当同时存在多个输入文本时，渲染错乱的问题</p></li>\n <li><p>&nbsp;修复HttpRequest加载文件后有缓存,导致资源加载错误的问题</p></li>\n <li><p>&nbsp;修复输入文本没有派发change事件问题</p></li>\n <li><p>&nbsp;重构白鹭引擎微信插件，为未来微信将会提供的能力搭建底层技术基础</p></li>\n</ul>\n<p>注：微信小游戏新手教程：<a data-cke-saved-href=\"http://developer.egret.com/cn/github/egret-docs/Engine2D/minigame/tutorial/index.html\" href=\"http://developer.egret.com/cn/github/egret-docs/Engine2D/minigame/tutorial/index.html\">http://developer.egret.com/cn/github/egret-docs/Engine2D/minigame/tutorial/index.html</a>&nbsp;&nbsp;<br>1.2.AssetsManager<br>白鹭引擎5.1.3更新修复了 AssetsManager 的多个 BUG，以保证其行为与旧的 RES 模块一致。主要包含：</p>\n<ul class=\" list-paddingleft-2\">\n <li><p>&nbsp;支持加载资源组优先级</p></li>\n <li><p>&nbsp;支持设置加载线程数</p></li>\n <li><p>&nbsp;支持加载失败重新加载功能</p></li>\n <li><p>&nbsp;支持设置加载失败重试次数</p></li>\n <li><p>&nbsp;修复九宫格渲染异常的 BUG</p></li>\n <li><p>&nbsp;修复位图字体无法渲染的 BUG</p></li>\n <li><p>&nbsp;修复加载http的图集以及字体路径不正确问题</p></li>\n <li><p>&nbsp;修复当开发者设置 RES.loadConfig 中设置 resourceRoot，但是并没有生效的 BUG</p></li>\n</ul>\n<p>2.Egret Launcher<br>在这次更新中，我们对Egret Launcher的更新方面主要新增了添加项目按钮，项目发布设置增了对Facebook的开发支持，以方便您能将项目发布到不同平台，同时优化和修复了部分问题，如下所示：</p>\n<ul class=\" list-paddingleft-2\">\n <li><p>【新增】新增添加项目按钮，同时支持拖拽添加项目</p></li>\n <li><p>【新增】项目发布设置增加对Facebook的支持</p></li>\n <li><p>【优化】优化微信小游戏发布设置流程</p></li>\n <li><p>【优化】项目发布设置现在会保存部分历史记录，避免每次重复输入</p></li>\n <li><p>【修复】部分工具需要重启Launcher后才提示有更新的问题</p></li>\n</ul>\n<p>3.微端<br>白鹭微端解决方案在这次版本更新中也引入了一些新特性，并优化和修复了部分问题：</p>\n<ul class=\" list-paddingleft-2\">\n <li><p>【新增】支持更多dom 标签，兼容更多的游戏</p></li>\n <li><p>【新增】支持 window.onerror 方法，便于开发者调试</p></li>\n <li><p>【新增】支持 alert ，便于开发者调试</p></li>\n <li><p>【新增】支持原生渲染加速，提高游戏运行效率</p></li>\n <li><p>【新增】可以设置 log 信息在屏幕上停留的时间</p></li>\n <li><p>【优化】优化对 url 地址处理</p></li>\n <li><p>【优化】优化网络连接请求</p></li>\n <li><p>【修复】eui 输入框错位的问题</p></li>\n <li><p>【修复】设置 fontFamily 后报错的问题</p></li>\n <li><p>【修复】ios 下，如果游戏地址非法时崩溃的问题</p></li>\n <li><p>【修复】部分情况下，获取音频长度错误的问题</p></li>\n <li><p>【修复】ios 绘制滤镜的问题</p></li>\n</ul>\n<p>4.Egret Wing<br>在这次更新中，Egret Wing也迎来了一次升级，主要包含了以下功能：</p>\n<ul class=\" list-paddingleft-2\">\n <li><p>【新增】添加wxgame debug的支持</p></li>\n <li><p>【修复】eui 设计界面放大缩小滚动条不显示</p></li>\n</ul>', '2018-01-17 12:34:14', '13118d0ada1741f0b5d816907cf7178c');
INSERT INTO `crawler_content` VALUES ('1083', '9bc36b90c28f482e9f5a090ad7a29b3d', 'http://www.oschina.net/news/92506/ranzhixietong-4-6-stable-released', '然之协同 4.6.stable 发布，重构考勤功能和其他细节优化', null, '<p style=\"margin:0 0 10px 0;\"><a data-traceid=\"news_detail_above_text_link_1\" data-tracepid=\"news_detail_above_text_link\" style=\"color:#A00;font-weight:bold;\" href=\"http://click.aliyun.com/m/18500/\" target=\"_blank\">阿里云高性能云服务器，2折起！ &gt;&gt;&gt; &gt;&gt;&gt;</a>&nbsp;&nbsp;<img src=\"https://my.oschina.net/img/hot3.png\" align=\"\" style=\"max-height: 32px; max-width: 32px;\"></p> \n<div class=\"thumb\"> \n <a href=\"/p/ranzhi\" target=\"_blank\" class=\"small\"> <img src=\"https://static.oschina.net/uploads/logo/ranzhi_XlCnV.png\" alt=\"然之\"> </a> \n</div> \n<p>然之协同办公系统是一款面向中小企业内部管理的协同办公系统，由<strong>客户管理</strong>(crm)、<strong>日常办公</strong>(oa)、<strong>现金记账</strong>(cash)、<strong>团队分享</strong>(team)、<strong>项目管理</strong>（proj）、<strong>阿米巴应用</strong>(ameba)、<strong>应用导航</strong>(ips)等模块组成。专注于提供一体化、精简的解决方案，扩展性强，支持二次开发，可以满足用户更多需求。</p>\n<p>然之协同管理软件4.6.stable版本正式发布！ 重构考勤功能，支持同一天多种考勤状态，支持跨月请假、加班等，大量细节优化。</p>\n<p><strong>一、修改记录</strong></p>\n<p>完成的需求：</p>\n<p>2311 记账提供根据合同筛选以及在合同内显示关联的记账信息<br>2313 重构考勤功能<br>2315 记账里面选中记录之后，做求和，显示在表格的底部<br>2328 文档库初次进入页面需要显示全部类目的文章<br>2345 部门考勤信息相关页面显示子部门数据<br>2356 优化客户详情tab选项卡切换的效果<br>2357 记账的时候将产品和科目放在一起<br>2360 工资的批量操作弹出的菜单向上展开<br>2361 客户详情页面可以看到客户的回款信息<br>2362 客户详情页面可以看到采购的产品列表<br>2364 调整附件编辑和删除按钮<br>2366 报销的时候科目默认不要选中<br>2374 具有审批权限的用户在所有列表和详情页都可以进行审批<br>2375 考勤统计保存数据之前应该检测是否有未审核的请假、补班、加班、调休等记录<br>2376 客户管理订单、合同报表增加按月统计<br>2391 报销科目设置，增加加全选按钮<br>2393 请假模块我的审核页面没有待审核假条的月份不要列出<br>2394 报销模块所有列表页月份倒序显示，最近的月份显示到最上面<br>2404 办公应用下面的各个页面优化没有记录时候的页面排版<br>2416 后台-系统-计划任务把编辑和删除的权限开放<br>2417 然之中所有下拉列表搜索功能增加拼音搜索的功能<br>2420 调休功能，增加加班时间限制的校验开关<br>2422 优化投资和借贷的呈现方式<br>2423 审批页面的排版调整<br>2425 收入汇总概况区块显示优化<br>2430 调整子任务的对齐方式<br>2431 优化记账批量编辑页面<br>2433 增加客户来源字段<br>2434 优化报销明细的设置<br>2435 设置功能，代号为NULL的配置，禁用掉输入框功能<br>2438 合同搜索增加创建时间<br>2439 订单的上一个下一个会失效。向后跳转5个之后，就失效了<br>2443 动态区块里面的链接可以直接打开对应的应用<br>2444 处理sobug上面的bug<br>2445 然之安装页面的网站链接需要改成ranzhi.org<br>2446 隐藏已经停用的帐号<br>2447 调整收入的录入页面<br>2448 调整支出的录入页面<br>2450 编辑了产品之后，返回的列表没有返回之前的列表页面<br>2451 客户检索增加按照地域、行业检索，用下拉菜单<br>2452 报销的时候可以选择项目或者合同</p>\n<p>修复的bug：</p>\n<p>882 同一天有不同类型的考勤记录，状态和时长计算的不对<br>918 请假后销假计算时间错误<br>929 用户有请假的审批权限，在我的地盘中看不到审批菜单，在<a data-cke-saved-href=\"http://www.zdoo.org/#1Q50xBPn3qKFO\" href=\"http://www.zdoo.org/#1Q50xBPn3qKFO\">OA</a>&nbsp;的审批模块下不显示二级菜单<br>945 报销审批的时候弹出的页面有变形<br>946 关闭办公应用下所有涉及审批的模块，在我的地盘和办公应用中还显示审批菜单。<br>952 杨桢反馈-phpexcel封装函数setExcelField()不支持大于26列<br>953 后台应用维护，删除某一个分组下面的应用后，其他的应用消失<br>955 申请报销明细里的参与人不显示在详情页面里<br>956 批量编辑待办，保存报错<br>957 项目文档库和自定义文档库显示优化<br>958 合同列表页，合同编号显示优化<br>959 合同列表，点击已完成，高亮已完成和未完成<br>961 OA申请页面和创建页面的 提示字 优化<br>962 报销审批人显示不全<br>963 名单--下次联系，需要优化一下<br>964 订单---沟通页面优化。<br>965 创建项目页面chosen选择空间退格键删除失效<br>966 待办页面右上角的垃圾筒操作不生效<br>967 创建待办，填写待办事项；修改顶部日期，待办事项会全部清空<br>968 待办的备注和描述不应该过滤html格式显示<br>969 文档首页没有进行权限过滤检查<br>970 编辑报销时报销明细中参与人下拉列表显示位置应该居左<br>971 编辑报销时报销明细的参与人不能修改<br>972 安装然之进行到step1时报错，没有getPhpVersion()方法<br>973 借贷和投资编辑、查看的时候隐藏产品<br>974 记账明细科目和经手人不能正常显示<br>975 项目详情页，需要优化显示<br>976 项目--团队里保存成功按钮显示位置不对<br>977 项目团队里 默认权限需检查一下<br>978 激活任务预计剩余做必填项标识<br>979 编辑时间待定的待办时无法更改待办日期<br>980 safari 浏览器右下角 签退显示不对齐<br>981 创建合同，合同地址不是必填项，为空的时候，保存提示错误<br>982 销售分组设置，没有勾选的话，点击保存，界面显示异常<br>983 日常办公-报销，设置报销科目后，申请报销中只设置了一级的科目显示空<br>984 日常办公-报销后关联到现金记账，报销中的明细没有同步<br>985 然之，权限设置，禁用成员编辑信息。该成员登录，左下角点击头像，编辑个人信息无法使用<br>986 销假审核在我的审批里不显示<br>987 办公-公告中插入文件后，下载文件名都为index.php<br>988 弹窗内的表单扩大时会超出弹窗大小<br>990 chrome浏览器，日常办公-加班，申请开始时间为18：00之后，总时长统计异常<br>991 然之集成<a data-cke-saved-href=\"http://www.zentao.net/#1Q50xBPn3qKFO\" href=\"http://www.zentao.net/#1Q50xBPn3qKFO\">禅道</a>&nbsp;后无法同步禅道中的任务和bug<br>992 登录请求时当使用 PATH_INFO 形式请求 viewType 设置为 json 不生效<br>993 报销明细显示不全<br>995 考勤里的时间显示样式，是否可以统一格式<br>996 不需要考勤用户，考勤显示为旷工<br>997 创建产品，产品代号，不能输入下划线<br>998 自定义表前缀后无法还原用户</p>\n<h4>二、下载地址</h4>\n<p>源码包：<a data-cke-saved-href=\"http://dl.cnezsoft.com/ranzhi/4.6/ranzhi.4.6.stable.zip#1Q50xBPn3qKFO\" href=\"http://dl.cnezsoft.com/ranzhi/4.6/ranzhi.4.6.stable.zip#1Q50xBPn3qKFO\">http://dl.cnezsoft.com/ranzhi/4.6/ranzhi.4.6.stable.zip</a><br><br>Windows 64位一键安装包：<a data-cke-saved-href=\"http://dl.cnezsoft.com/ranzhi/4.6/ranzhi.4.6.stable.win64.exe#1Q50xBPn3qKFO\" href=\"http://dl.cnezsoft.com/ranzhi/4.6/ranzhi.4.6.stable.win64.exe#1Q50xBPn3qKFO\">http://dl.cnezsoft.com/ranzhi/4.6/ranzhi.4.6.stable.win64.exe</a><br>Windows 32位一键安装包：<a data-cke-saved-href=\"http://dl.cnezsoft.com/ranzhi/4.6/ranzhi.4.6.stable.win32.exe#1Q50xBPn3qKFO\" href=\"http://dl.cnezsoft.com/ranzhi/4.6/ranzhi.4.6.stable.win32.exe#1Q50xBPn3qKFO\">http://dl.cnezsoft.com/ranzhi/4.6/ranzhi.4.6.stable.win32.exe</a><br><br>Linux 64位一键安装包：<a data-cke-saved-href=\"http://dl.cnezsoft.com/ranzhi/4.6/ranzhi.4.6.stable.zbox_64.tar.gz#1Q50xBPn3qKFO\" href=\"http://dl.cnezsoft.com/ranzhi/4.6/ranzhi.4.6.stable.zbox_64.tar.gz#1Q50xBPn3qKFO\">http://dl.cnezsoft.com/ranzhi/4.6/ranzhi.4.6.stable.zbox_64.tar.gz</a><br>Linux 32位一键安装包：<a data-cke-saved-href=\"http://dl.cnezsoft.com/ranzhi/4.6/ranzhi.4.6.stable.zbox_32.tar.gz#1Q50xBPn3qKFO\" href=\"http://dl.cnezsoft.com/ranzhi/4.6/ranzhi.4.6.stable.zbox_32.tar.gz#1Q50xBPn3qKFO\">http://dl.cnezsoft.com/ranzhi/4.6/ranzhi.4.6.stable.zbox_32.tar.gz</a><br>注：Linux一键安装包必须直接解压到/opt目录下。<br><br>linux rpm安装包：<a data-cke-saved-href=\"http://dl.cnezsoft.com/ranzhi/4.6/ranzhi-4.6.stable-1.noarch.rpm#1Q50xBPn3qKFO\" href=\"http://dl.cnezsoft.com/ranzhi/4.6/ranzhi-4.6.stable-1.noarch.rpm#1Q50xBPn3qKFO\">http://dl.cnezsoft.com/ranzhi/4.6/ranzhi-4.6.stable-1.noarch.rpm</a><br>linux deb安装包：<a data-cke-saved-href=\"http://dl.cnezsoft.com/ranzhi/4.6/ranzhi_4.6.stable_1_all.deb#1Q50xBPn3qKFO\" href=\"http://dl.cnezsoft.com/ranzhi/4.6/ranzhi_4.6.stable_1_all.deb#1Q50xBPn3qKFO\">http://dl.cnezsoft.com/ranzhi/4.6/ranzhi_4.6.stable_1_all.deb</a></p>\n<h4>三、手册</h4>\n<p>安装文档：<a data-cke-saved-href=\"http://www.ranzhi.org/book/ranzhi/ranzhiinstall-5.html#1Q50xBPn3qKFO\" href=\"http://www.ranzhi.org/book/ranzhi/ranzhiinstall-5.html#1Q50xBPn3qKFO\">http://www.ranzhi.org/book/ranzhi/ranzhiinstall-5.html</a></p>\n<p>升级文档：<a data-cke-saved-href=\"http://www.ranzhi.org/book/ranzhi/7_ranzhiupgrade.html#1Q50xBPn3qKFO\" href=\"http://www.ranzhi.org/book/ranzhi/7_ranzhiupgrade.html#1Q50xBPn3qKFO\">http://www.ranzhi.org/book/ranzhi/7_ranzhiupgrade.html</a></p>\n<h4>四、新功能截图</h4>\n<p>考勤功能支持同一天有不同的考勤状态</p>\n<p><img data-cke-saved-src=\"http://blog.cnezsoft.com/file.php?f=201801/f_d771faa968b3f759097b1ea1eee48cbd&amp;t=jpg&amp;o=&amp;s=&amp;v=1516068707\" src=\"http://blog.cnezsoft.com/file.php?f=201801/f_d771faa968b3f759097b1ea1eee48cbd&amp;t=jpg&amp;o=&amp;s=&amp;v=1516068707\" alt=\"\"></p>\n<p>考勤统计保存数据之前检测是否有未审核的请假、补班、加班、调休等记录</p>\n<p><img data-cke-saved-src=\"http://blog.cnezsoft.com/file.php?f=201801/f_fd7608b22191e7930bc02afb6dd66a13&amp;t=jpg&amp;o=&amp;s=&amp;v=1516070207\" src=\"http://blog.cnezsoft.com/file.php?f=201801/f_fd7608b22191e7930bc02afb6dd66a13&amp;t=jpg&amp;o=&amp;s=&amp;v=1516070207\" alt=\"\"></p>\n<p>调休功能，增加加班时间限制的校验开关</p>\n<p><img data-cke-saved-src=\"http://blog.cnezsoft.com/file.php?f=201801/f_66ba4bd532f855ae746331cf571a2691&amp;t=jpg&amp;o=&amp;s=&amp;v=1516070260\" src=\"http://blog.cnezsoft.com/file.php?f=201801/f_66ba4bd532f855ae746331cf571a2691&amp;t=jpg&amp;o=&amp;s=&amp;v=1516070260\" alt=\"\"></p>\n<p>报销的时候可以关联项目或者合同</p>\n<p><img data-cke-saved-src=\"http://blog.cnezsoft.com/file.php?f=201801/f_e73d7c99e744ec250d221993dd23bdd2&amp;t=jpg&amp;o=&amp;s=&amp;v=1516070330\" src=\"http://blog.cnezsoft.com/file.php?f=201801/f_e73d7c99e744ec250d221993dd23bdd2&amp;t=jpg&amp;o=&amp;s=&amp;v=1516070330\" alt=\"\"></p>\n<p>设置记账时产品、部门、科目是否必填</p>\n<p><img data-cke-saved-src=\"http://blog.cnezsoft.com/file.php?f=201801/f_a9c30d3eab9dc014c252d7a74094cfa3&amp;t=jpg&amp;o=&amp;s=&amp;v=1516070376\" src=\"http://blog.cnezsoft.com/file.php?f=201801/f_a9c30d3eab9dc014c252d7a74094cfa3&amp;t=jpg&amp;o=&amp;s=&amp;v=1516070376\" alt=\"\"></p>\n<p>优化记账批量编辑页面，科目和部门增加同上功能</p>\n<p><img data-cke-saved-src=\"http://blog.cnezsoft.com/file.php?f=201801/f_f8db378ea448686deed457d130ef0420&amp;t=jpg&amp;o=&amp;s=&amp;v=1516070456\" src=\"http://blog.cnezsoft.com/file.php?f=201801/f_f8db378ea448686deed457d130ef0420&amp;t=jpg&amp;o=&amp;s=&amp;v=1516070456\" alt=\"\" align=\"\" width=\"1000\" height=\"319\"></p>\n<p>优化投资和借贷的呈现方式</p>\n<p><img data-cke-saved-src=\"http://blog.cnezsoft.com/file.php?f=201801/f_06139d436b89da9022c0279a4fe7019b&amp;t=jpg&amp;o=&amp;s=&amp;v=1516070506\" src=\"http://blog.cnezsoft.com/file.php?f=201801/f_06139d436b89da9022c0279a4fe7019b&amp;t=jpg&amp;o=&amp;s=&amp;v=1516070506\" alt=\"\" align=\"\" width=\"1000\" height=\"224\"></p>\n<p>客户检索增加按照地域、行业检索</p>\n<p><img data-cke-saved-src=\"http://blog.cnezsoft.com/file.php?f=201801/f_bbf0972affbc8fcd27bf9bbe13a6740d&amp;t=jpg&amp;o=&amp;s=&amp;v=1516070846\" src=\"http://blog.cnezsoft.com/file.php?f=201801/f_bbf0972affbc8fcd27bf9bbe13a6740d&amp;t=jpg&amp;o=&amp;s=&amp;v=1516070846\" alt=\"\"></p>\n<p>客户管理订单、合同报表增加按年、月统计的报表</p>\n<p><img data-cke-saved-src=\"http://blog.cnezsoft.com/file.php?f=201801/f_07152f102bfa7e99cbf225dc4e51760c&amp;t=jpg&amp;o=&amp;s=&amp;v=1516070910\" src=\"http://blog.cnezsoft.com/file.php?f=201801/f_07152f102bfa7e99cbf225dc4e51760c&amp;t=jpg&amp;o=&amp;s=&amp;v=1516070910\" alt=\"\" align=\"\" width=\"1000\" height=\"454\"></p>', '2018-01-17 12:34:16', '13118d0ada1741f0b5d816907cf7178c');
INSERT INTO `crawler_content` VALUES ('1084', '446c219f8ea641ea943b561cc205afa6', 'http://www.oschina.net/news/92505/rdoc-1-2-1-released', 'RDoc 1.2.1 发布，用于生成文档网站或简单的博客', null, '<p style=\"margin:0 0 10px 0;\"><a data-traceid=\"news_detail_above_text_link_1\" data-tracepid=\"news_detail_above_text_link\" style=\"color:#A00;font-weight:bold;\" href=\"http://click.aliyun.com/m/18500/\" target=\"_blank\">阿里云高性能云服务器，2折起！ &gt;&gt;&gt; &gt;&gt;&gt;</a>&nbsp;&nbsp;<img src=\"https://my.oschina.net/img/hot3.png\" align=\"\" style=\"max-height: 32px; max-width: 32px;\"></p> \n<div class=\"thumb\"> \n <a href=\"/p/rdoc-cli\" target=\"_blank\" class=\"small\"> <img src=\"https://static.oschina.net/uploads/logo/rdoc-cli_FItSD.png\" alt=\"RDoc-cli\"> </a> \n</div> \n<p><strong>RDoc 1.2.1 发布，这是一款基于 React 的文档生成工具。</strong></p>\n<p><strong><img data-cke-saved-src=\"https://static.oschina.net/uploads/space/2018/0117/093912_Lhx8_811064.png\" src=\"https://static.oschina.net/uploads/space/2018/0117/093912_Lhx8_811064.png\" width=\"64\" height=\"64\" alt=\"\" border=\"0\" hspace=\"0\" vspace=\"0\" title=\"\" style=\"width: 64px; height: 64px;\"></strong></p>\n<p>主要用于快速生成文档工具或简单的网站，只需要写&nbsp;<strong>Markdown&nbsp;</strong>文件既可。</p>\n<p><img data-cke-saved-src=\"https://static.oschina.net/uploads/space/2018/0117/093948_dXyF_811064.png\" src=\"https://static.oschina.net/uploads/space/2018/0117/093948_dXyF_811064.png\" alt=\"\"></p>\n<p>更新内容：<br></p>\n<ul class=\" list-paddingleft-2\">\n <li><p>添加logo.&nbsp;<a data-cke-saved-href=\"https://github.com/jaywcjlove/rdoc/commit/1b2c772b0415a2dfccc66aa2f86179695252f649\" href=\"https://github.com/jaywcjlove/rdoc/commit/1b2c772b0415a2dfccc66aa2f86179695252f649\">1b2c772</a></p></li>\n <li><p>添加favicon.ico&nbsp;<a data-cke-saved-href=\"https://github.com/jaywcjlove/rdoc/commit/64707d195d5d6e0b275dd567b9ed7630fe9afb74\" href=\"https://github.com/jaywcjlove/rdoc/commit/64707d195d5d6e0b275dd567b9ed7630fe9afb74\">64707d1</a></p></li>\n <li><p>修复网站标题重复.&nbsp;<a data-cke-saved-href=\"https://github.com/jaywcjlove/rdoc/commit/1b8282d71197defafe04a30e0ea96faa2bc4b368\" href=\"https://github.com/jaywcjlove/rdoc/commit/1b8282d71197defafe04a30e0ea96faa2bc4b368\">1b8282d</a></p></li>\n <li><p>修复网站标题不存在的问题.&nbsp;<a data-cke-saved-href=\"https://github.com/jaywcjlove/rdoc/commit/01dfba2f1fc23e810879b070a56aa618329f447c\" href=\"https://github.com/jaywcjlove/rdoc/commit/01dfba2f1fc23e810879b070a56aa618329f447c\">01dfba2</a></p></li>\n <li><p>忽略dist目录.&nbsp;<a data-cke-saved-href=\"https://github.com/jaywcjlove/rdoc/commit/2f6b8e9e7772489f077c6369738ea20dae43bc75\" href=\"https://github.com/jaywcjlove/rdoc/commit/2f6b8e9e7772489f077c6369738ea20dae43bc75\">2f6b8e9</a></p></li>\n <li><p>修复菜单重定向问题.&nbsp;<a data-cke-saved-href=\"https://github.com/jaywcjlove/rdoc/commit/9387fd72949b05de44be0cfcb6045f918713bbab\" href=\"https://github.com/jaywcjlove/rdoc/commit/9387fd72949b05de44be0cfcb6045f918713bbab\">9387fd7</a></p></li>\n <li><p>菜单重定向优化.&nbsp;<a data-cke-saved-href=\"https://github.com/jaywcjlove/rdoc/commit/e7237cfb7e4e52a8221aff6c1b4260cc47885839\" href=\"https://github.com/jaywcjlove/rdoc/commit/e7237cfb7e4e52a8221aff6c1b4260cc47885839\">e7237cf</a></p></li>\n <li><p>更改主题背景颜色.&nbsp;<a data-cke-saved-href=\"https://github.com/jaywcjlove/rdoc/commit/8bc4d1de0f3f5f7c3e02d8bed0359118b43e8a56\" href=\"https://github.com/jaywcjlove/rdoc/commit/8bc4d1de0f3f5f7c3e02d8bed0359118b43e8a56\">8bc4d1d</a></p></li>\n <li><p>更改主题页脚内容.&nbsp;<a data-cke-saved-href=\"https://github.com/jaywcjlove/rdoc/commit/a1f2cdc16de5a614961ea93e24a0676aaf8bfc43\" href=\"https://github.com/jaywcjlove/rdoc/commit/a1f2cdc16de5a614961ea93e24a0676aaf8bfc43\">a1f2cdc</a></p></li>\n <li><p>更新文档描述.&nbsp;<a data-cke-saved-href=\"https://github.com/jaywcjlove/rdoc/commit/28e7f4f532d95c8d4574981acabc42fbc9a012df\" href=\"https://github.com/jaywcjlove/rdoc/commit/28e7f4f532d95c8d4574981acabc42fbc9a012df\">28e7f4f</a></p></li>\n</ul>', '2018-01-17 12:34:17', '13118d0ada1741f0b5d816907cf7178c');
INSERT INTO `crawler_content` VALUES ('1085', '38ab22549ae34c799a96b9e413e1b0e4', 'http://www.oschina.net/news/92504/mongodb-3-6-2-released', '分布式文档数据库 MongoDB 3.6.2 发布，大量更新', null, '<p style=\"margin:0 0 10px 0;\"><a data-traceid=\"news_detail_above_text_link_1\" data-tracepid=\"news_detail_above_text_link\" style=\"color:#A00;font-weight:bold;\" href=\"http://click.aliyun.com/m/18500/\" target=\"_blank\">阿里云高性能云服务器，2折起！ &gt;&gt;&gt; &gt;&gt;&gt;</a>&nbsp;&nbsp;<img src=\"https://my.oschina.net/img/hot3.png\" align=\"\" style=\"max-height: 32px; max-width: 32px;\"></p> \n<div class=\"thumb\"> \n <a href=\"/p/mongodb\" target=\"_blank\" class=\"small\"> <img src=\"/img/logo/mongodb.gif?t=1451964198000\" alt=\"MongoDB\"> </a> \n</div> \n<p>MongoDB 3.6.2 发布了，更新内容内容较多，包含了安全、分表、复制、聚合、存储等多方面的更新。<br></p>\n<p>部分更新如下：</p>\n<ul class=\" list-paddingleft-2\">\n <li><p><a data-cke-saved-href=\"https://jira.mongodb.org/browse/SERVER-31267\" href=\"https://jira.mongodb.org/browse/SERVER-31267\">SERVER-31267</a>: CollectionCloner fails if collection is dropped between getMore calls.</p></li>\n <li><p><a data-cke-saved-href=\"https://jira.mongodb.org/browse/SERVER-31625\" href=\"https://jira.mongodb.org/browse/SERVER-31625\">SERVER-31625</a>: The contents of&nbsp;<code>Unknown&nbsp;macro:&nbsp;{USER}</code>&nbsp;needs to be escaped when querying for the groups using LDAP server.</p></li>\n <li><p><a data-cke-saved-href=\"https://jira.mongodb.org/browse/SERVER-31684\" href=\"https://jira.mongodb.org/browse/SERVER-31684\">SERVER-31684</a>: QueryPlanKilled (operation exceeded time limit) in $changeStream with updateLookup.</p></li>\n <li><p><a data-cke-saved-href=\"https://jira.mongodb.org/browse/SERVER-31982\" href=\"https://jira.mongodb.org/browse/SERVER-31982\">SERVER-31982</a>: Shard does not call config commit chunk migration command with majority writeConcern nor checks for writeConcern errors..</p></li>\n <li><p><a data-cke-saved-href=\"https://jira.mongodb.org/browse/SERVER-32246\" href=\"https://jira.mongodb.org/browse/SERVER-32246\">SERVER-32246</a>: PID file permission on v3.6 make it not monitorable using pid file.</p></li>\n <li><p><a data-cke-saved-href=\"https://jira.mongodb.org/browse/SERVER-32255\" href=\"https://jira.mongodb.org/browse/SERVER-32255\">SERVER-32255</a>: UUIDs may be absent from shard secondary local collections.</p></li>\n <li><p><a data-cke-saved-href=\"https://jira.mongodb.org/browse/SERVER-32282\" href=\"https://jira.mongodb.org/browse/SERVER-32282\">SERVER-32282</a>: Aggregation text search returns text score even if it wasn’t requested when targeting multiple shards in a sharded cluster.</p></li>\n</ul>\n<p>完整内容请查看<a data-cke-saved-href=\"https://docs.mongodb.com/manual/release-notes/3.6-changelog/#id1\" href=\"https://docs.mongodb.com/manual/release-notes/3.6-changelog/#id1\">更新日志</a>。<br>下载地址：<a href=\"https://www.mongodb.com/download-center?jmp=nav#community\" target=\"_blank\" textvalue=\"https://www.mongodb.com/download-center?jmp=nav#community\">https://www.mongodb.com/download-center?jmp=nav#community</a></p>', '2018-01-17 12:34:18', '13118d0ada1741f0b5d816907cf7178c');
INSERT INTO `crawler_content` VALUES ('1086', '6c49c2a7cc19452f8be9ba37d0d382bc', 'http://www.oschina.net/news/92503/mysql-5-7-21-released', 'MySQL 数据库 5.7.21 GA 版发布，Bug 修复和功能增加', null, '<p style=\"margin:0 0 10px 0;\"><a data-traceid=\"news_detail_above_text_link_1\" data-tracepid=\"news_detail_above_text_link\" style=\"color:#A00;font-weight:bold;\" href=\"http://click.aliyun.com/m/18500/\" target=\"_blank\">阿里云高性能云服务器，2折起！ &gt;&gt;&gt; &gt;&gt;&gt;</a>&nbsp;&nbsp;<img src=\"https://my.oschina.net/img/hot3.png\" align=\"\" style=\"max-height: 32px; max-width: 32px;\"></p> \n<div class=\"thumb\"> \n <a href=\"/p/mysql\" target=\"_blank\" class=\"small\"> <img src=\"/img/logo/mysql.png?t=1451964198000\" alt=\"MySQL\"> </a> \n</div> \n<p>MySQL 5.7.21 已发布，更改内容如下：<br></p>\n<ul class=\" list-paddingleft-2\">\n <li><p><a href=\"https://dev.mysql.com/doc/relnotes/mysql/5.7/en/news-5-7-21.html#mysqld-5-7-21-audit-log\" target=\"_blank\" textvalue=\"审计日志说明 (Audit Log Notes)\">审计日志说明 (Audit Log Notes)</a></p></li>\n <li><p><a data-cke-saved-href=\"https://dev.mysql.com/doc/relnotes/mysql/5.7/en/news-5-7-21.html#mysqld-5-7-21-configuration\" href=\"https://dev.mysql.com/doc/relnotes/mysql/5.7/en/news-5-7-21.html#mysqld-5-7-21-configuration\">配置说明</a></p></li>\n <li><p><a href=\"https://dev.mysql.com/doc/relnotes/mysql/5.7/en/news-5-7-21.html#mysqld-5-7-21-performance-schema\" target=\"_blank\" textvalue=\"Performance Schema 说明\">Performance Schema 说明</a></p></li>\n <li><p><a href=\"https://dev.mysql.com/doc/relnotes/mysql/5.7/en/news-5-7-21.html#mysqld-5-7-21-pluggable-auth\" target=\"_blank\" textvalue=\"可插拔的身份验证\">可插拔的身份验证</a></p></li>\n <li><p><a data-cke-saved-href=\"https://dev.mysql.com/doc/relnotes/mysql/5.7/en/news-5-7-21.html#mysqld-5-7-21-security\" href=\"https://dev.mysql.com/doc/relnotes/mysql/5.7/en/news-5-7-21.html#mysqld-5-7-21-security\">安全说明</a></p></li>\n <li><p><a href=\"https://dev.mysql.com/doc/relnotes/mysql/5.7/en/news-5-7-21.html#mysqld-5-7-21-test-suite\" target=\"_blank\" textvalue=\"测试套件说明\">测试套件说明</a></p></li>\n <li><p><a data-cke-saved-href=\"https://dev.mysql.com/doc/relnotes/mysql/5.7/en/news-5-7-21.html#mysqld-5-7-21-feature\" href=\"https://dev.mysql.com/doc/relnotes/mysql/5.7/en/news-5-7-21.html#mysqld-5-7-21-feature\">功能添加或更改</a></p></li>\n <li><p><a data-cke-saved-href=\"https://dev.mysql.com/doc/relnotes/mysql/5.7/en/news-5-7-21.html#mysqld-5-7-21-bug\" href=\"https://dev.mysql.com/doc/relnotes/mysql/5.7/en/news-5-7-21.html#mysqld-5-7-21-bug\">错误修复</a></p></li>\n</ul>\n<p><strong>审计日志说明</strong></p>\n<ul class=\" list-paddingleft-2\">\n <li><p>MySQL 现在支持审计日志文件的压缩和加密，加密基于用户定义的密码。要使用此功能，必须启用 MySQL 密钥环，因为审计日志记录将其用于密码存储。除了现有的 XML 格式之外，MySQL 审计现在还支持 JSON 格式， JSON 格式可以使用提供运行时日志读取功能的函数。有关更多信息，请参阅&nbsp;<a data-cke-saved-href=\"https://dev.mysql.com/doc/refman/5.7/en/audit-log.html\" href=\"https://dev.mysql.com/doc/refman/5.7/en/audit-log.html\" target=\"_top\">MySQL 审计</a>。</p></li>\n</ul>\n<p>完整更新内容请查看<a data-cke-saved-href=\"https://dev.mysql.com/doc/relnotes/mysql/5.7/en/news-5-7-21.html\" href=\"https://dev.mysql.com/doc/relnotes/mysql/5.7/en/news-5-7-21.html\">更新日志</a>。</p>\n<p>下载地址：<a href=\"https://dev.mysql.com/downloads/\" target=\"_blank\" textvalue=\"https://dev.mysql.com/downloads/\">https://dev.mysql.com/downloads/</a></p>', '2018-01-17 12:34:19', '13118d0ada1741f0b5d816907cf7178c');
INSERT INTO `crawler_content` VALUES ('1087', '68a76d32f13d4431bfe9e8755197af05', 'http://www.oschina.net/news/92502/spring-session-2-0-0-released', 'Spring Session 2.0.0 发布：支持 Spring WebFlux', null, '<p style=\"margin:0 0 10px 0;\"><a data-traceid=\"news_detail_above_text_link_1\" data-tracepid=\"news_detail_above_text_link\" style=\"color:#A00;font-weight:bold;\" href=\"http://click.aliyun.com/m/18500/\" target=\"_blank\">阿里云高性能云服务器，2折起！ &gt;&gt;&gt; &gt;&gt;&gt;</a>&nbsp;&nbsp;<img src=\"https://my.oschina.net/img/hot3.png\" align=\"\" style=\"max-height: 32px; max-width: 32px;\"></p> \n<p>在经历了&nbsp;<a data-cke-saved-href=\"https://github.com/spring-projects/spring-session/milestone/17?closed=1\" href=\"https://github.com/spring-projects/spring-session/milestone/17?closed=1\">2.0.0.M1</a>,&nbsp;<a data-cke-saved-href=\"https://github.com/spring-projects/spring-session/milestone/22?closed=1\" href=\"https://github.com/spring-projects/spring-session/milestone/22?closed=1\">2.0.0.M2</a>,&nbsp;<a data-cke-saved-href=\"https://github.com/spring-projects/spring-session/milestone/23?closed=1\" href=\"https://github.com/spring-projects/spring-session/milestone/23?closed=1\">2.0.0.M3</a>,&nbsp;<a data-cke-saved-href=\"https://github.com/spring-projects/spring-session/milestone/24?closed=1\" href=\"https://github.com/spring-projects/spring-session/milestone/24?closed=1\">2.0.0.M4</a>,&nbsp;<a data-cke-saved-href=\"https://github.com/spring-projects/spring-session/milestone/25?closed=1\" href=\"https://github.com/spring-projects/spring-session/milestone/25?closed=1\">2.0.0.M5</a>,&nbsp;<a data-cke-saved-href=\"https://github.com/spring-projects/spring-session/milestone/26?closed=1\" href=\"https://github.com/spring-projects/spring-session/milestone/26?closed=1\">2.0.0.RC1</a>,&nbsp;<a data-cke-saved-href=\"https://github.com/spring-projects/spring-session/milestone/27?closed=1\" href=\"https://github.com/spring-projects/spring-session/milestone/27?closed=1\">2.0.0.RC2</a>&nbsp;和&nbsp;<a data-cke-saved-href=\"https://github.com/spring-projects/spring-session/milestone/30?closed=1\" href=\"https://github.com/spring-projects/spring-session/milestone/30?closed=1\">2.0.0.RELEASE</a>&nbsp;这些版本后，Spring Session 2.0.0 终于发布了，总共关闭超过 130 个 issue 和 PR。</p>\n<p>Spring Session 2.0 值得关注的更新：</p>\n<p>- 此版本已迁移至 Java 8 和 Spring Framework 5.0，整个代码库现在基于 Java 8。<br>- 支持 Spring WebFlux：2017 发布的 Spring Framework 5.0 引入了响应式编程模型，现在可通过使用 Redis ReactiveSessionRepository 以提供对管理 Spring WebFlux 的 WebSession 的支持。</p>\n<p>以熟悉的 Spring Session 方式，启用 Redis 对 WebSession 的支持：</p>\n<p><span data-cke-copybin-start=\"1\"></span></p>\n<pre data-cke-widget-data=\"%7B%22code%22%3A%22%40EnableRedisWebSession%5Cnpublic%20class%20WebSessionConfig%20%7B%5Cn%5Cn%20%20%20%20%40Bean%5Cn%20%20%20%20public%20LettuceConnectionFactory%20redisConnectionFactory()%20%7B%5Cn%20%20%20%20%20%20%20%20return%20new%20LettuceConnectionFactory()%3B%5Cn%20%20%20%20%7D%5Cn%5Cn%7D%22%2C%22classes%22%3Anull%7D\" data-cke-widget-upcasted=\"1\" data-cke-widget-keep-attr=\"0\" data-widget=\"codeSnippet\" class=\"brush:java;toolbar: true; auto-links: false;\">@EnableRedisWebSession\r\npublic&nbsp;class&nbsp;WebSessionConfig&nbsp;{\r\n\r\n&nbsp;&nbsp;&nbsp;&nbsp;@Bean\r\n&nbsp;&nbsp;&nbsp;&nbsp;public&nbsp;LettuceConnectionFactory&nbsp;redisConnectionFactory()&nbsp;{\r\n&nbsp;&nbsp;&nbsp;&nbsp;&nbsp;&nbsp;&nbsp;&nbsp;return&nbsp;new&nbsp;LettuceConnectionFactory();\r\n&nbsp;&nbsp;&nbsp;&nbsp;}\r\n\r\n}</pre>\n<p><span class=\"cke_reset cke_widget_drag_handler_container\" style=\"background: url(&quot;https://my.oschina.net/dist/www/vendor/ckeditor/4.5.8/plugins/widget/images/handle.png&quot;) rgba(220, 220, 220, 0.5); top: -15px; left: 0px; display: block;\"></span></p>\n<p><span data-cke-copybin-end=\"1\"></span></p>\n<p><a href=\"https://spring.io/blog/2018/01/16/spring-session-2-0-0-released\" target=\"_blank\">其他更新内容请查看发布主页</a>。<br></p>', '2018-01-17 12:34:21', '13118d0ada1741f0b5d816907cf7178c');
INSERT INTO `crawler_content` VALUES ('1088', '69168341a0ef4bffabacd9f1dff15639', 'http://www.oschina.net/news/92491/intellij-idea-2017-3-3-is-released', 'Java 集成开发环境 IntelliJ IDEA 发布 2017.3.3 正式版本', null, '<p style=\"margin:0 0 10px 0;\"><a data-traceid=\"news_detail_above_text_link_1\" data-tracepid=\"news_detail_above_text_link\" style=\"color:#A00;font-weight:bold;\" href=\"http://click.aliyun.com/m/18500/\" target=\"_blank\">阿里云高性能云服务器，2折起！ &gt;&gt;&gt; &gt;&gt;&gt;</a>&nbsp;&nbsp;<img src=\"https://my.oschina.net/img/hot3.png\" align=\"\" style=\"max-height: 32px; max-width: 32px;\"></p> \n<div class=\"thumb\"> \n <a href=\"/p/intellij+idea\" target=\"_blank\" class=\"small\"> <img src=\"https://static.oschina.net/uploads/logo/intellij+idea_AIEOh.png\" alt=\"IntelliJ IDEA\"> </a> \n</div> \n<p>IntelliJ IDEA 2017.3.3 已发布，这是最近发布的 IntelliJ IDEA 2017.3 的第三个 bug 修复更新版本。从<a href=\"http://www.jetbrains.com/idea/download\" target=\"_blank\">网站下载</a>最新版本或使用 <a href=\"https://www.jetbrains.com/toolbox/app/\" target=\"_blank\">Toolbox App</a> 获取更新。</p>\n<p>本次更新包含许多修复和改进，参阅<a href=\"https://confluence.jetbrains.com/display/IDEADEV/IntelliJ+IDEA+2017.3.3+Release+Notes\" target=\"_blank\">发行说明</a>以查看此更新修复的问题的完整列表。</p>\n<p>下面介绍一下值得关注的更新：</p>\n<ul class=\" list-paddingleft-2\">\n <li><p>The&nbsp;<em>Tool Window</em>&nbsp;docking issue has been fixed:&nbsp;<a data-cke-saved-href=\"https://youtrack.jetbrains.com/issue/IDEA-149061\" href=\"https://youtrack.jetbrains.com/issue/IDEA-149061\">IDEA-149061</a>.</p></li>\n <li><p>The Gradle import is performed in the background:&nbsp;<a data-cke-saved-href=\"https://youtrack.jetbrains.com/issue/IDEA-180044\" href=\"https://youtrack.jetbrains.com/issue/IDEA-180044\">IDEA-180044</a>,&nbsp;<a data-cke-saved-href=\"https://youtrack.jetbrains.com/issue/IDEA-183647\" href=\"https://youtrack.jetbrains.com/issue/IDEA-183647\">IDEA-183647</a>,&nbsp;<a data-cke-saved-href=\"https://youtrack.jetbrains.com/issue/IDEA-179200\" href=\"https://youtrack.jetbrains.com/issue/IDEA-179200\">IDEA-179200</a>.</p></li>\n <li><p>The ability to pause the terminal output:&nbsp;<a data-cke-saved-href=\"https://youtrack.jetbrains.com/issue/IDEA-140061\" href=\"https://youtrack.jetbrains.com/issue/IDEA-140061\">IDEA-140061</a>.</p></li>\n <li><p>Now the IDE correctly resolves the dependency with the “bundle” type:&nbsp;<a data-cke-saved-href=\"https://youtrack.jetbrains.com/issue/IDEA-117578\" href=\"https://youtrack.jetbrains.com/issue/IDEA-117578\">IDEA-117578</a>.</p></li>\n <li><p>Fixed an issue which caused the loss of all run configurations:&nbsp;<a data-cke-saved-href=\"https://youtrack.jetbrains.com/issue/IDEA-182966\" href=\"https://youtrack.jetbrains.com/issue/IDEA-182966\">IDEA-182966</a>.</p></li>\n <li><p>Now the&nbsp;<em>Flatten Modules</em>&nbsp;option is also available from the&nbsp;<em>Project Tool Window</em>:&nbsp;<a data-cke-saved-href=\"https://youtrack.jetbrains.com/issue/IDEA-183022\" href=\"https://youtrack.jetbrains.com/issue/IDEA-183022\">IDEA-183022</a>.</p></li>\n <li><p>Now, after selecting a branch, the<em>&nbsp;Merge from…</em>&nbsp;action invokes the&nbsp;<em>Select Merge Variant&nbsp;</em>dialog:&nbsp;<a data-cke-saved-href=\"https://youtrack.jetbrains.com/issue/IDEA-182963\" href=\"https://youtrack.jetbrains.com/issue/IDEA-182963\">IDEA-182963</a>.</p></li>\n <li><p><em>Spring:</em>&nbsp;the<em>&nbsp;Field injection warning</em>&nbsp;inspection works correctly again:&nbsp;<a data-cke-saved-href=\"https://youtrack.jetbrains.com/issue/IDEA-178523\" href=\"https://youtrack.jetbrains.com/issue/IDEA-178523\">IDEA-178523</a>.</p></li>\n</ul>\n<p>此外，用于 x86_64 的新的 1.8.0_152-release-1024-b11 JDK 修复了以下的问题</p>\n<ul class=\" list-paddingleft-2\">\n <li><p>Low-resolution application icon loading on Windows with&nbsp;<em>HiDPI</em>&nbsp;displays&nbsp;<a data-cke-saved-href=\"https://youtrack.jetbrains.com/issue/JRE-580\" href=\"https://youtrack.jetbrains.com/issue/JRE-580\">JRE-580.</a></p></li>\n <li><p>Crash of the 32-bit version on Windows&nbsp;<a data-cke-saved-href=\"https://youtrack.jetbrains.com/issue/JRE-590\" href=\"https://youtrack.jetbrains.com/issue/JRE-590\">JRE-590</a>.</p></li>\n</ul>\n<p>REST 客户端的增强功能已经实现了新的自动格式化请求结果功能。现在，IDE 可以分析 Content-Type 并相应地设置响应的格式。</p>\n<p><a href=\"https://blog.jetbrains.com/idea/2018/01/intellij-idea-2017-3-3-is-released/\" target=\"_blank\">点此查看发布主页</a>。</p>', '2018-01-17 12:34:22', '13118d0ada1741f0b5d816907cf7178c');
INSERT INTO `crawler_content` VALUES ('1089', '263ec0a1dca64b1ab6ee7db1232d3b14', 'http://www.oschina.net/news/92490/hhvm-3-24-released', 'PHP 虚拟机 HHVM 3.24 正式发布：不再支持 PHP 5', null, '<p style=\"margin:0 0 10px 0;\"><a data-traceid=\"news_detail_above_text_link_1\" data-tracepid=\"news_detail_above_text_link\" style=\"color:#A00;font-weight:bold;\" href=\"http://click.aliyun.com/m/18500/\" target=\"_blank\">阿里云高性能云服务器，2折起！ &gt;&gt;&gt; &gt;&gt;&gt;</a>&nbsp;&nbsp;<img src=\"https://my.oschina.net/img/hot3.png\" align=\"\" style=\"max-height: 32px; max-width: 32px;\"></p> \n<div class=\"thumb\"> \n <a href=\"/p/hhvm\" target=\"_blank\" class=\"small\"> <img src=\"https://static.oschina.net/uploads/logo/hhvm_cLajF.png\" alt=\"HHVM\"> </a> \n</div> \n<p>HHVM 3.24 终于发布了，此版本包含新功能、错误修复、性能改进和对未来改进的支持工作。值得注意的是，HHVM 3.24 是支持 PHP 5 的最后一个版本，这包括对 PHP 5 扩展(<code>ext_zend_compat</code>)的源码级别兼容性。官方建议迁移到 Hack 或 PHP 7。</p>\n<p>此外，HHVM 3.24 也是对 Debian 7 Wheezy 和 Ubuntu 17.04 Zesty 支持的最后一个版本。</p>\n<p>有以下值得关注的更新亮点：</p>\n<ul class=\" list-paddingleft-2\">\n <li><p>In Hack code, reference arguments must now be marked at the call site, e.g.&nbsp;<code>$foo = [3, 1, 2]; sort(&amp;$foo);</code></p></li>\n <li><p>Support for&nbsp;<code>using</code>&nbsp;blocks - an alternative to destructors</p></li>\n <li><p>Improved type inference and type checking for lambdas</p></li>\n <li><p>Added the XHP attribute spread operator</p></li>\n <li><p>Improved the typing of XHP attributes and children</p></li>\n <li><p>Clearer error messages for constraint errors on generic methods</p></li>\n <li><p>Improved handling of multiple debuggers (e.g. hphpd + xdebug)</p></li>\n <li><p><code>hh_parse</code>&nbsp;now offers a&nbsp;<code>--full-fidelity-text-json</code>&nbsp;option, which includes node content in the output</p></li>\n <li><p>In partial mode, Hack no longer assumes that any unknown definitions must be defined in PHP</p></li>\n</ul>\n<p>更新内容较多，详情请参阅<a href=\"https://hhvm.com/blog/2018/01/16/hhvm-3.24.html\" target=\"_blank\">发布主页</a>。</p>\n<p>HipHopVM(HHVM) 是 Facebook 推出的用来执行 PHP 代码的虚拟机，它是一个 PHP 的 JIT(Just-In-Time) 编译器，同时具有产生快速代码和即时编译的优点。<br></p>', '2018-01-17 12:34:23', '13118d0ada1741f0b5d816907cf7178c');
INSERT INTO `crawler_content` VALUES ('1090', '6b0d9bc72273401c96fa1fe9bc065973', 'http://www.oschina.net/news/92489/apache-hbase-2-0-0-beta1-released', '分布式数据库 Apache HBase 2.0.0 首个 Beta 版发布', null, '<p style=\"margin:0 0 10px 0;\"><a data-traceid=\"news_detail_above_text_link_1\" data-tracepid=\"news_detail_above_text_link\" style=\"color:#A00;font-weight:bold;\" href=\"http://click.aliyun.com/m/18500/\" target=\"_blank\">阿里云高性能云服务器，2折起！ &gt;&gt;&gt; &gt;&gt;&gt;</a>&nbsp;&nbsp;<img src=\"https://my.oschina.net/img/hot3.png\" align=\"\" style=\"max-height: 32px; max-width: 32px;\"></p> \n<div class=\"thumb\"> \n <a href=\"/p/hbase\" target=\"_blank\" class=\"small\"> <img src=\"https://static.oschina.net/uploads/logo/hbase_WzHZ0.png\" alt=\"Apache HBase\"> </a> \n</div> \n<p>Apache HBase 2.0.0 的首个 Beta 版已发布，Apache HBase 2.0.0-beta-1 是 2.0 版本的非生产预览版，包含之前 alpha 版本中的所有新特性 (new assignment manager, offheap read/write path, in-memory compactions 等)，可<a href=\"https://goo.gl/scYjJr\" target=\"_blank\">点此查看</a> 2.0 的完整新特性。</p>\n<p>官方表示在 2 月底发布第一个 2.0.0 候选版之前，会再发布一个测试版 2.0.0-beta-2。它的重点是使用户可以尝试从 hbase-1.x 滚动升级到 hbase-2.x（以及发现运行 beta-1 的任何错误修复）。</p>\n<p>详细内容请查看<a href=\"http://mail-archives.apache.org/mod_mbox/www-announce/201801.mbox/%3CCADcMMgGkC+9JBxr0GTvphsmX_OG6Yq2KVvOOFC7FPTzS0Vrj+Q@mail.gmail.com%3E\" target=\"_blank\">发布主页</a>。<br></p>\n<p>HBase – Hadoop Database，是一个高可靠性、高性能、面向列、可伸缩的分布式存储系统，利用HBase技术可在廉价PC Server上搭建起大规模结构化存储集群。</p>\n<p>HBase是Google Bigtable的开源实现，类似Google Bigtable利用GFS作为其文件存储系统，HBase利用Hadoop HDFS作为其文件存储系统；Google运行MapReduce来处理Bigtable中的海量数据，HBase同样利用Hadoop MapReduce来处理HBase中的海量数据；Google Bigtable利用 Chubby作为协同服务，HBase利用Zookeeper作为对应。</p>\n<p><a data-cke-saved-href=\"http://www.searchtb.com/wp-content/uploads/2011/01/image0010.jpg\" href=\"http://www.searchtb.com/wp-content/uploads/2011/01/image0010.jpg\"><img data-cke-saved-src=\"http://static.oschina.net/uploads/img/201201/25091147_R3An.jpg\" src=\"http://static.oschina.net/uploads/img/201201/25091147_R3An.jpg\" alt=\"\" width=\"394\" height=\"284\"></a></p>\n<p>上图描述了Hadoop EcoSystem中的各层系统，其中HBase位于结构化存储层，Hadoop HDFS为HBase提供了高可靠性的底层存储支持，Hadoop MapReduce为HBase提供了高性能的计算能力，Zookeeper为HBase提供了稳定服务和failover机制。</p>\n<p>此外，Pig和Hive还为HBase提供了高层语言支持，使得在HBase上进行数据统计处理变的非常简单。 Sqoop则为HBase提供了方便的RDBMS数据导入功能，使得传统数据库数据向HBase中迁移变的非常方便。</p>', '2018-01-17 12:34:24', '13118d0ada1741f0b5d816907cf7178c');
INSERT INTO `crawler_content` VALUES ('1091', '0c746e3ac2ac4887a1622c6ad246291d', 'http://www.oschina.net/news/92488/san-3-4-1-released', '百度EFE 打造的 MVVM 组件框架 San 发布 3.4.1 版本', null, '<p style=\"margin:0 0 10px 0;\"><a data-traceid=\"news_detail_above_text_link_1\" data-tracepid=\"news_detail_above_text_link\" style=\"color:#A00;font-weight:bold;\" href=\"http://click.aliyun.com/m/18500/\" target=\"_blank\">阿里云高性能云服务器，2折起！ &gt;&gt;&gt; &gt;&gt;&gt;</a>&nbsp;&nbsp;<img src=\"https://my.oschina.net/img/hot3.png\" align=\"\" style=\"max-height: 32px; max-width: 32px;\"></p> \n<div class=\"thumb\"> \n <a href=\"/p/san-mvvm\" target=\"_blank\" class=\"small\"> <img src=\"https://static.oschina.net/uploads/logo/san-mvvm_jdttH.png\" alt=\"San\"> </a> \n</div> \n<p>San 3.4.1 已发布，该版本主要是修复了 bug，具体如下：</p>\n<p>-【Bug 修复】- 初始化组件时，传入 data 中的 undefined 项覆盖了 initData 中的返回项</p>\n<p>San 是一个 MVVM 的组件框架。它体积小巧(12K)，兼容性好(IE6)，性能卓越，是一个可靠、可依赖的实现响应式用户界面的解决方案。</p>\n<p>San 通过声明式的类 HTML 视图模板，在支持所有原生 HTML 的语法特性外，还支持了数据到视图的绑定指令、业务开发中最常使用的分支、循环指令等，在保持良好的易用性基础上，由框架完成基于字符串的模板解析，并构建出视图层的<a data-cke-saved-href=\"https://github.com/ecomfe/san/blob/master/doc/anode.md\" href=\"https://github.com/ecomfe/san/blob/master/doc/anode.md\" target=\"_blank\">节点关系树</a>，通过高性能的视图引擎快速生成 UI 视图。San 中定义的数据会被封装，使得当数据发生有效变更时通知 San 组件，San 组件依赖模板编译阶段生成的<a data-cke-saved-href=\"https://github.com/ecomfe/san/blob/master/doc/anode.md\" href=\"https://github.com/ecomfe/san/blob/master/doc/anode.md\" target=\"_blank\">节点关系树</a>，确定需要变更的最小视图，进而完成视图的异步更新，保证了视图更新的高效性。</p>\n<p>组件是 San 的基本单位，是独立的数据、逻辑、视图的封装单元。从页面角度看，组件是 HTML 元素的扩展；从功能模式角度看，组件是一个 ViewModel。San 组件提供了完整的生命周期，与 WebComponent 的生命周期相符合，组件间是可嵌套的树形关系，完整的支持了组件层级、组件间的通信，方便组件间的数据流转。San 的组件机制，可以有效支撑业务开发上的组件化需求。</p>\n<p>San 支持<a data-cke-saved-href=\"https://ecomfe.github.io/san/tutorial/reverse/\" href=\"https://ecomfe.github.io/san/tutorial/reverse/\" target=\"_blank\">组件反解</a>，以此提供<a data-cke-saved-href=\"https://ecomfe.github.io/san/tutorial/ssr/\" href=\"https://ecomfe.github.io/san/tutorial/ssr/\" target=\"_blank\">服务端渲染</a>能力，可以解决纯前端渲染导致的响应用户交互时延长、SEO 问题。除此之外，San 还提供了一些周边开源产品，与 San 配合使用，可以帮助开发者快速搭建可维护的大型 SPA 应用。</p>\n<p><a href=\"https://github.com/ecomfe/san/releases/tag/3.4.1\" target=\"_blank\">源码下载：</a></p>\n<ul class=\" list-paddingleft-2\">\n <li><p><a data-cke-saved-href=\"https://github.com/ecomfe/san/archive/3.4.1.zip\" href=\"https://github.com/ecomfe/san/archive/3.4.1.zip\">Source code&nbsp;(zip)</a></p></li>\n <li><p><a data-cke-saved-href=\"https://github.com/ecomfe/san/archive/3.4.1.tar.gz\" href=\"https://github.com/ecomfe/san/archive/3.4.1.tar.gz\">Source code&nbsp;(tar.gz)</a></p></li>\n</ul>', '2018-01-17 12:34:25', '13118d0ada1741f0b5d816907cf7178c');
INSERT INTO `crawler_content` VALUES ('1092', 'c68bfb82b2e2478aab81a4faeefbec30', 'http://www.oschina.net/news/92487/webstorm-2017-3-3-released', '前端开发利器 WebStorm 发布 2017.3.3 正式版本', null, '<p style=\"margin:0 0 10px 0;\"><a data-traceid=\"news_detail_above_text_link_1\" data-tracepid=\"news_detail_above_text_link\" style=\"color:#A00;font-weight:bold;\" href=\"http://click.aliyun.com/m/18500/\" target=\"_blank\">阿里云高性能云服务器，2折起！ &gt;&gt;&gt; &gt;&gt;&gt;</a>&nbsp;&nbsp;<img src=\"https://my.oschina.net/img/hot3.png\" align=\"\" style=\"max-height: 32px; max-width: 32px;\"></p> \n<div class=\"thumb\"> \n <a href=\"/p/webstorm\" target=\"_blank\" class=\"small\"> <img src=\"https://static.oschina.net/uploads/logo/webstorm_DE1xI.png\" alt=\"WebStorm\"> </a> \n</div> \n<p>WebStorm 2017.3.3 (173.4301.22) 已正式发布，与往常一样，可以使用&nbsp;<a href=\"https://www.jetbrains.com/toolbox/\" target=\"_blank\" textvalue=\"Toolbox App\">Toolbox App</a>&nbsp;安装此更新。如果使用的是 WebStorm 2017.3.1，2017.3.2 或 2017.3.3 EAP，将很快在 IDE 中看到更新通知。如果使用较早的 WebStorm 版本，请从<a href=\"https://www.jetbrains.com/webstorm/download\" target=\"_blank\" textvalue=\"网站\">网站</a>下载 WebStorm 2017.3。</p>\n<p>WebStorm 是 JetBrains 推出的一款商业的 JavaScript 开发工具，这款功能强大的 IDE 专用来进行现代的 JavaScript 开发，称得上是前端开发的必备利器。</p>\n<p>该版本的更新内容包含了新特性和 bug 修复，具体如下：</p>\n<p>WebStorm 2017.3.3 的新特性</p>\n<ul class=\" list-paddingleft-2\">\n <li><p>来自新 REST 客户端的响应现在会自动格式化&nbsp;(<a data-cke-saved-href=\"https://youtrack.jetbrains.com/issue/WEB-28672\" href=\"https://youtrack.jetbrains.com/issue/WEB-28672\">WEB-28672</a>)</p></li>\n <li><p>Node.js 调试器现已支持&nbsp;<em>–experimental-modules</em>&nbsp;标志 (<a data-cke-saved-href=\"https://youtrack.jetbrains.com/issue/WEB-30325\" href=\"https://youtrack.jetbrains.com/issue/WEB-30325\">WEB-30325</a>)</p></li>\n</ul>\n<p>修正的内容<br></p>\n<ul class=\" list-paddingleft-2\">\n <li><p>False positive errors from the&nbsp;<em>eslint-plugin-import</em>&nbsp;ESLint plugin were fixed (<a data-cke-saved-href=\"https://youtrack.jetbrains.com/issue/WEB-30497\" href=\"https://youtrack.jetbrains.com/issue/WEB-30497\">WEB-30497</a>)</p></li>\n <li><p>Debug for apps created with Angular CLI 1.5.5+ (<a data-cke-saved-href=\"https://youtrack.jetbrains.com/issue/WEB-30035\" href=\"https://youtrack.jetbrains.com/issue/WEB-30035\">WEB-30035</a>)</p></li>\n <li><p>Debugging the app’s main process with Electron 1.8.1+ (<a data-cke-saved-href=\"https://youtrack.jetbrains.com/issue/WEB-29655\" href=\"https://youtrack.jetbrains.com/issue/WEB-29655\">WEB-29655</a>)</p></li>\n <li><p>Meteor debugger now uses&nbsp;<em>–inspect</em>&nbsp;by default (<a data-cke-saved-href=\"https://youtrack.jetbrains.com/issue/WEB-30124\" href=\"https://youtrack.jetbrains.com/issue/WEB-30124\">WEB-30124</a>)</p></li>\n</ul>\n<p>查看<a href=\"https://confluence.jetbrains.com/display/WI/WebStorm+173.4301.22+Release+Notes\" target=\"_blank\">发布说明</a>中已解决问题的完整列表，<a href=\"https://blog.jetbrains.com/webstorm/2018/01/webstorm-2017-3-3/\" target=\"_blank\">点此查看发布主页</a>。</p>', '2018-01-17 12:34:27', '13118d0ada1741f0b5d816907cf7178c');
INSERT INTO `crawler_content` VALUES ('1093', 'e3d91ee700814cc3a105d675de6e00dc', 'http://www.oschina.net/news/92486/spring-cloud-edgware-sr1-released', 'Spring Cloud 的大版本 Spring Cloud Edgware.SR1 发布', null, '<p style=\"margin:0 0 10px 0;\"><a data-traceid=\"news_detail_above_text_link_1\" data-tracepid=\"news_detail_above_text_link\" style=\"color:#A00;font-weight:bold;\" href=\"http://click.aliyun.com/m/18500/\" target=\"_blank\">阿里云高性能云服务器，2折起！ &gt;&gt;&gt; &gt;&gt;&gt;</a>&nbsp;&nbsp;<img src=\"https://my.oschina.net/img/hot3.png\" align=\"\" style=\"max-height: 32px; max-width: 32px;\"></p> \n<div class=\"thumb\"> \n <a href=\"/p/spring-cloud\" target=\"_blank\" class=\"small\"> <img src=\"https://static.oschina.net/uploads/logo/spring-cloud_qcmeL.png\" alt=\"Spring Cloud\"> </a> \n</div> \n<p>Spring Cloud Edgware 的 Service Release 1 (SR1) 版本已发布，本次更新主要是对其包含的一些模块进行了升级，查看<a href=\"https://github.com/spring-projects/spring-cloud/wiki/Spring-Cloud-Edgware-Release-Notes\" target=\"_blank\">发布说明</a>以了解更多信息。Spring Cloud Edgware 基于 Spring Boot 1.5.x 而构建。</p>\n<p>以下模块作为 Edgware.SR1 的一部分进行了更新：</p>\n<table class=\"cke_show_border\">\n <thead>\n  <tr class=\"firstRow\">\n   <th>MODULE</th>\n   <th>VERSION</th>\n  </tr>\n </thead>\n <tbody>\n  <tr>\n   <td>Spring Cloud Gateway</td>\n   <td>1.0.1.RELEASE</td>\n  </tr>\n  <tr>\n   <td>Spring Cloud Stream</td>\n   <td>Ditmars.SR3</td>\n  </tr>\n  <tr>\n   <td>Spring Cloud Config</td>\n   <td>1.4.1.RELEASE</td>\n  </tr>\n  <tr>\n   <td>Spring Cloud Netflix</td>\n   <td>1.4.2.RELEASE</td>\n  </tr>\n  <tr>\n   <td>Spring Cloud Commons</td>\n   <td>1.3.1.RELEASE</td>\n  </tr>\n  <tr>\n   <td>Spring Cloud Consul</td>\n   <td>1.3.1.RELEASE</td>\n  </tr>\n  <tr>\n   <td>Spring Cloud Sleuth</td>\n   <td>1.3.1.RELEASE</td>\n  </tr>\n  <tr>\n   <td>Spring Cloud Security</td>\n   <td>1.2.2.RELEASE</td>\n  </tr>\n  <tr>\n   <td>Spring Cloud Contract</td>\n   <td>1.2.2.RELEASE</td>\n  </tr>\n </tbody>\n</table>\n<p><strong>使用</strong><br></p>\n<p>通过附带有 BOM 的 Maven 开始使用：</p>\n<pre data-cke-widget-data=\"%7B%22code%22%3A%22%3CdependencyManagement%3E%5Cn%20%20%20%20%3Cdependencies%3E%5Cn%20%20%20%20%20%20%20%20%3Cdependency%3E%5Cn%20%20%20%20%20%20%20%20%20%20%20%20%3CgroupId%3Eorg.springframework.cloud%3C%2FgroupId%3E%5Cn%20%20%20%20%20%20%20%20%20%20%20%20%3CartifactId%3Espring-cloud-dependencies%3C%2FartifactId%3E%5Cn%20%20%20%20%20%20%20%20%20%20%20%20%3Cversion%3EEdgware.SR1%3C%2Fversion%3E%5Cn%20%20%20%20%20%20%20%20%20%20%20%20%3Ctype%3Epom%3C%2Ftype%3E%5Cn%20%20%20%20%20%20%20%20%20%20%20%20%3Cscope%3Eimport%3C%2Fscope%3E%5Cn%20%20%20%20%20%20%20%20%3C%2Fdependency%3E%5Cn%20%20%20%20%3C%2Fdependencies%3E%5Cn%3C%2FdependencyManagement%3E%5Cn%3Cdependencies%3E%5Cn%20%20%20%20%3Cdependency%3E%5Cn%20%20%20%20%20%20%20%20%3CgroupId%3Eorg.springframework.cloud%3C%2FgroupId%3E%5Cn%20%20%20%20%20%20%20%20%3CartifactId%3Espring-cloud-starter-config%3C%2FartifactId%3E%5Cn%20%20%20%20%3C%2Fdependency%3E%5Cn%20%20%20%20%3Cdependency%3E%5Cn%20%20%20%20%20%20%20%20%3CgroupId%3Eorg.springframework.cloud%3C%2FgroupId%3E%5Cn%20%20%20%20%20%20%20%20%3CartifactId%3Espring-cloud-starter-netflix-eureka-client%3C%2FartifactId%3E%5Cn%20%20%20%20%3C%2Fdependency%3E%5Cn%20%20%20%20...%5Cn%3C%2Fdependencies%3E%22%2C%22classes%22%3Anull%7D\" data-cke-widget-upcasted=\"1\" data-cke-widget-keep-attr=\"0\" data-widget=\"codeSnippet\" class=\"brush:xml;toolbar: true; auto-links: false;\">&lt;dependencyManagement&gt;\r\n&nbsp;&nbsp;&nbsp;&nbsp;&lt;dependencies&gt;\r\n&nbsp;&nbsp;&nbsp;&nbsp;&nbsp;&nbsp;&nbsp;&nbsp;&lt;dependency&gt;\r\n&nbsp;&nbsp;&nbsp;&nbsp;&nbsp;&nbsp;&nbsp;&nbsp;&nbsp;&nbsp;&nbsp;&nbsp;&lt;groupId&gt;org.springframework.cloud&lt;/groupId&gt;\r\n&nbsp;&nbsp;&nbsp;&nbsp;&nbsp;&nbsp;&nbsp;&nbsp;&nbsp;&nbsp;&nbsp;&nbsp;&lt;artifactId&gt;spring-cloud-dependencies&lt;/artifactId&gt;\r\n&nbsp;&nbsp;&nbsp;&nbsp;&nbsp;&nbsp;&nbsp;&nbsp;&nbsp;&nbsp;&nbsp;&nbsp;&lt;version&gt;Edgware.SR1&lt;/version&gt;\r\n&nbsp;&nbsp;&nbsp;&nbsp;&nbsp;&nbsp;&nbsp;&nbsp;&nbsp;&nbsp;&nbsp;&nbsp;&lt;type&gt;pom&lt;/type&gt;\r\n&nbsp;&nbsp;&nbsp;&nbsp;&nbsp;&nbsp;&nbsp;&nbsp;&nbsp;&nbsp;&nbsp;&nbsp;&lt;scope&gt;import&lt;/scope&gt;\r\n&nbsp;&nbsp;&nbsp;&nbsp;&nbsp;&nbsp;&nbsp;&nbsp;&lt;/dependency&gt;\r\n&nbsp;&nbsp;&nbsp;&nbsp;&lt;/dependencies&gt;\r\n&lt;/dependencyManagement&gt;\r\n&lt;dependencies&gt;\r\n&nbsp;&nbsp;&nbsp;&nbsp;&lt;dependency&gt;\r\n&nbsp;&nbsp;&nbsp;&nbsp;&nbsp;&nbsp;&nbsp;&nbsp;&lt;groupId&gt;org.springframework.cloud&lt;/groupId&gt;\r\n&nbsp;&nbsp;&nbsp;&nbsp;&nbsp;&nbsp;&nbsp;&nbsp;&lt;artifactId&gt;spring-cloud-starter-config&lt;/artifactId&gt;\r\n&nbsp;&nbsp;&nbsp;&nbsp;&lt;/dependency&gt;\r\n&nbsp;&nbsp;&nbsp;&nbsp;&lt;dependency&gt;\r\n&nbsp;&nbsp;&nbsp;&nbsp;&nbsp;&nbsp;&nbsp;&nbsp;&lt;groupId&gt;org.springframework.cloud&lt;/groupId&gt;\r\n&nbsp;&nbsp;&nbsp;&nbsp;&nbsp;&nbsp;&nbsp;&nbsp;&lt;artifactId&gt;spring-cloud-starter-netflix-eureka-client&lt;/artifactId&gt;\r\n&nbsp;&nbsp;&nbsp;&nbsp;&lt;/dependency&gt;\r\n&nbsp;&nbsp;&nbsp;&nbsp;...\r\n&lt;/dependencies&gt;</pre>\n<p><span class=\"cke_reset cke_widget_drag_handler_container\" style=\"background: url(&quot;https://my.oschina.net/dist/www/vendor/ckeditor/4.5.8/plugins/widget/images/handle.png&quot;) rgba(220, 220, 220, 0.5); top: -15px; left: 0px; display: block;\"></span></p>\n<p>Gradle</p>\n<pre data-cke-widget-data=\"%7B%22code%22%3A%22buildscript%20%7B%5Cn%20%20%20%20dependencies%20%7B%5Cn%20%20%20%20%20%20%20%20classpath%20%5C%22io.spring.gradle%3Adependency-management-plugin%3A1.0.2.RELEASE%5C%22%5Cn%20%20%20%20%7D%5Cn%7D%5Cn%5Cn%5Cn%5Cnapply%20plugin%3A%20%5C%22io.spring.dependency-management%5C%22%5Cn%5CndependencyManagement%20%7B%5Cn%20%20%20%20imports%20%7B%5Cn%20%20%20%20%20%20%20%20mavenBom%20\'org.springframework.cloud%3Aspring-cloud-dependencies%3AEdgware.SR1\'%5Cn%20%20%20%20%7D%5Cn%7D%5Cn%5Cndependencies%20%7B%5Cn%20%20%20%20compile%20\'org.springframework.cloud%3Aspring-cloud-starter-config\'%5Cn%20%20%20%20compile%20\'org.springframework.cloud%3Aspring-cloud-starter-netflix-eureka-client\'%5Cn%20%20%20%20...%5Cn%7D%22%2C%22classes%22%3Anull%7D\" data-cke-widget-upcasted=\"1\" data-cke-widget-keep-attr=\"0\" data-widget=\"codeSnippet\" class=\"brush:groovy;toolbar: true; auto-links: false;\">buildscript&nbsp;{\r\n&nbsp;&nbsp;&nbsp;&nbsp;dependencies&nbsp;{\r\n&nbsp;&nbsp;&nbsp;&nbsp;&nbsp;&nbsp;&nbsp;&nbsp;classpath&nbsp;\"io.spring.gradle:dependency-management-plugin:1.0.2.RELEASE\"\r\n&nbsp;&nbsp;&nbsp;&nbsp;}\r\n}\r\n\r\n\r\n\r\napply&nbsp;plugin:&nbsp;\"io.spring.dependency-management\"\r\n\r\ndependencyManagement&nbsp;{\r\n&nbsp;&nbsp;&nbsp;&nbsp;imports&nbsp;{\r\n&nbsp;&nbsp;&nbsp;&nbsp;&nbsp;&nbsp;&nbsp;&nbsp;mavenBom&nbsp;\'org.springframework.cloud:spring-cloud-dependencies:Edgware.SR1\'\r\n&nbsp;&nbsp;&nbsp;&nbsp;}\r\n}\r\n\r\ndependencies&nbsp;{\r\n&nbsp;&nbsp;&nbsp;&nbsp;compile&nbsp;\'org.springframework.cloud:spring-cloud-starter-config\'\r\n&nbsp;&nbsp;&nbsp;&nbsp;compile&nbsp;\'org.springframework.cloud:spring-cloud-starter-netflix-eureka-client\'\r\n&nbsp;&nbsp;&nbsp;&nbsp;...\r\n}</pre>\n<p><span class=\"cke_reset cke_widget_drag_handler_container\" style=\"background: url(&quot;https://my.oschina.net/dist/www/vendor/ckeditor/4.5.8/plugins/widget/images/handle.png&quot;) rgba(220, 220, 220, 0.5); top: -15px; left: 0px; display: block;\"></span></p>\n<p><a href=\"https://spring.io/blog/2018/01/16/spring-cloud-edgware-sr1-released\" target=\"_blank\">点此查看发布主页</a>。</p>', '2018-01-17 12:34:28', '13118d0ada1741f0b5d816907cf7178c');
INSERT INTO `crawler_content` VALUES ('1094', 'e5d2755821374f0bb0d5eb01cfcdd989', 'http://www.oschina.net/news/92485/apache-traffic-server-7-1-2-released', '反向代理服务器 Apache Traffic Server 发布 v7.1.2 版本', null, '<p style=\"margin:0 0 10px 0;\"><a data-traceid=\"news_detail_above_text_link_1\" data-tracepid=\"news_detail_above_text_link\" style=\"color:#A00;font-weight:bold;\" href=\"http://click.aliyun.com/m/18500/\" target=\"_blank\">阿里云高性能云服务器，2折起！ &gt;&gt;&gt; &gt;&gt;&gt;</a>&nbsp;&nbsp;<img src=\"https://my.oschina.net/img/hot3.png\" align=\"\" style=\"max-height: 32px; max-width: 32px;\"></p> \n<p>Apache Traffic Server v7.1.2 已发布，Traffic Server 是一套快速、模块化的兼容 HTTP/1.1 的反向代理服务器，与 Nginx 和 Squid 类似，目前该项目已由 Apache 基金会管理。</p>\n<p>这是在目前 LTS 版本分支上的一个 bug 修复版本，比之前的 v7.1.0 版本还要好。从以前的主要版本进行升级时，请参阅<a href=\"https://cwiki.apache.org/confluence/display/TS/Upgrading+to+v7.0\" target=\"_blank\">升级细节</a>。</p>\n<p>有关 v7.1.2 版本中解决的所有问题和 PR 列表，<a href=\"https://github.com/apache/trafficserver/milestone/15?closed=1\" target=\"_blank\">请点此参阅</a>，点此查看<a href=\"https://github.com/apache/trafficserver/blob/7.1.x/CHANGELOG-7.1.2\" target=\"_blank\">完整的更新日志</a>。</p>\n<p><a href=\"http://mail-archives.apache.org/mod_mbox/www-announce/201801.mbox/%3C015CB24A-163F-459D-B47F-5BF0112C7B56@apache.org%3E\" target=\"_blank\">完整发布说明</a>和<a href=\"https://trafficserver.apache.org/downloads\" target=\"_blank\">下载地址</a>。<br></p>\n<p>Traffic Server 设计的思想是将一个大系统划分为若干个小的子系统，每个子系统负责专门的任务或应用。比如，Event 子系统负责提供任务调度服务，Net 子系统负责提供网络服务。每个子系统抽象为一个 Processor，如图1所示。这种高内聚低耦合的设计原则使系统具有更好的重用性，维护性和扩展性。例 如，如果 hostDBProcessor 需要进行 DNS 解析，可以直接调用 dnsProcessor 的相关函数，而无需关注 DNS 解析的细 节；dnsProcesso r也只需封装 DNS 请求和解析 DNS 应答，和网络相关的功能可以调用 netProcessor 来完成。</p>\n<p><img data-cke-saved-src=\"http://static.oschina.net/uploads/space/2016/0209/074824_v6wq_5189.jpg\" src=\"http://static.oschina.net/uploads/space/2016/0209/074824_v6wq_5189.jpg\"></p>', '2018-01-17 12:34:29', '13118d0ada1741f0b5d816907cf7178c');
INSERT INTO `crawler_content` VALUES ('1095', 'e284d4fa28194469a1ade572122529bc', 'http://www.oschina.net/news/92484/solydxk-201801-released', '基于 Debian 的发行 SolydXK 发布修复 CPU 漏洞的更新', null, '<p style=\"margin:0 0 10px 0;\"><a data-traceid=\"news_detail_above_text_link_1\" data-tracepid=\"news_detail_above_text_link\" style=\"color:#A00;font-weight:bold;\" href=\"http://click.aliyun.com/m/18500/\" target=\"_blank\">阿里云高性能云服务器，2折起！ &gt;&gt;&gt; &gt;&gt;&gt;</a>&nbsp;&nbsp;<img src=\"https://my.oschina.net/img/hot3.png\" align=\"\" style=\"max-height: 32px; max-width: 32px;\"></p> \n<div class=\"thumb\"> \n <a href=\"/p/solydxk\" target=\"_blank\" class=\"small\"> <img src=\"https://static.oschina.net/uploads/logo/solydxk_3jyAd.png\" alt=\"solydxk\"> </a> \n</div> \n<p>SolydXK 是一个基于 Debian 的桌面发行版，提供两种主要的风味，一种采用 KDE Plasma 桌面，另一种采用了 Xfce 桌面。SolydXK 的目标是易于使用，并提供一份既稳定又安全的环境。SolydXK 是面向小型企业、非盈利组织、家庭用户的开源选择方案。该项目始于 Linux Mint 的 Debian 版本的非正式变体，当时用 KDE 作为缺省桌面，但后来它拥有了自己的名字 SolydK。当 Linux Mint 丢弃了其基于 Debian 且使用 Xfce 桌面的版本后，SolydX 便问世了。</p>\n<p><img src=\"https://static.oschina.net/uploads/space/2018/0117/070845_CAXJ_2720166.png\"></p>\n<p>本次发布的新版本包含针对 Meltdown CPU 缺陷的修复和一些新的系统配置工具。</p>\n<p>下面是自 201707 版本以来添加的功能列表：</p>\n<ul class=\" list-paddingleft-2\">\n <li><p>集成设备驱动程序管理器(DDM)</p></li>\n <li><p>整合 Debian Plymouth Manager</p></li>\n <li><p>添加新的分区到 Fstab</p></li>\n <li><p>安全地删除旧的内核包</p></li>\n</ul>\n<p>查看<a href=\"https://solydxk.com/new-solydxk-isos-released/\" target=\"_blank\">项目发布主页</a>以获取详细更新内容。</p>\n<p>下载地址：<br></p>\n<p>- SolydX:&nbsp;<a href=\"https://solydxk.com/downloads/solydx/\" target=\"_blank\">https://solydxk.com/downloads/solydx/</a><br>- SolydK:&nbsp;<a data-cke-saved-href=\"https://solydxk.com/downloads/solydk/\" href=\"https://solydxk.com/downloads/solydk/\" target=\"_blank\">https://solydxk.com/downloads/solydk/</a><br>- Localized:&nbsp;<a data-cke-saved-href=\"https://solydxk.com/downloads/localized-editions/\" href=\"https://solydxk.com/downloads/localized-editions/\" target=\"_blank\">https://solydxk.com/downloads/localized-editions/</a></p>', '2018-01-17 12:34:30', '13118d0ada1741f0b5d816907cf7178c');

-- ----------------------------
-- Table structure for `sys_menu`
-- ----------------------------
DROP TABLE IF EXISTS `sys_menu`;
CREATE TABLE `sys_menu` (
  `menu_id` int(32) NOT NULL AUTO_INCREMENT COMMENT '菜单ID',
  `menu_name` varchar(255) COLLATE utf8_unicode_ci DEFAULT NULL COMMENT '菜单名称',
  `menu_parent_id` int(11) DEFAULT NULL COMMENT '父菜单ID',
  `sort_order` int(11) DEFAULT NULL COMMENT '排序',
  `url` varchar(255) COLLATE utf8_unicode_ci DEFAULT NULL COMMENT 'url',
  `group_id` int(11) DEFAULT NULL COMMENT '组id',
  PRIMARY KEY (`menu_id`)
) ENGINE=InnoDB AUTO_INCREMENT=19 DEFAULT CHARSET=utf8 COLLATE=utf8_unicode_ci ROW_FORMAT=COMPACT;

-- ----------------------------
-- Records of sys_menu
-- ----------------------------
INSERT INTO `sys_menu` VALUES ('1', '系统管理', '0', '1', '#', '1');
INSERT INTO `sys_menu` VALUES ('2', '网站监控', '1', '2', '/druid/index.html', '1');
INSERT INTO `sys_menu` VALUES ('3', 'API文档', '1', '3', '/swagger-ui.html', '1');
INSERT INTO `sys_menu` VALUES ('4', '用户管理', '1', '4', 'crawler/userMgmt.html', '1');
INSERT INTO `sys_menu` VALUES ('5', '角色管理', '1', '5', 'crawler/roleMgmt.html', '1');
INSERT INTO `sys_menu` VALUES ('6', '网页爬虫管理', '0', '6', '#', '2');
INSERT INTO `sys_menu` VALUES ('7', '网页爬虫查询', '6', '7', 'crawler/formSearch.html', '2');
INSERT INTO `sys_menu` VALUES ('8', '二维码信息查询', '6', '8', 'crawler/barCodeSearch.html', '2');
INSERT INTO `sys_menu` VALUES ('9', '微信公众号查询', '6', '9', 'crawler/weChatSearch.html', '2');
INSERT INTO `sys_menu` VALUES ('10', '文章爬虫管理', '0', '10', '#', '3');
INSERT INTO `sys_menu` VALUES ('11', '网站模版管理', '1', '11', 'crawler/templateMgmt.html', '1');
INSERT INTO `sys_menu` VALUES ('12', '文章查询', '10', '12', 'crawler/articleSearch.html', '3');
INSERT INTO `sys_menu` VALUES ('13', '自服务管理', '0', '13', '#', '4');
INSERT INTO `sys_menu` VALUES ('14', '用户信息修改', '13', '14', 'crawler/userInformationUpdate.html', '4');
INSERT INTO `sys_menu` VALUES ('15', '债券市场查询', '1', '15', 'crawler/bondMarketSearch.html', '1');

-- ----------------------------
-- Table structure for `sys_role`
-- ----------------------------
DROP TABLE IF EXISTS `sys_role`;
CREATE TABLE `sys_role` (
  `id` int(11) NOT NULL AUTO_INCREMENT COMMENT '角色ID',
  `role_name` varchar(255) COLLATE utf8_unicode_ci DEFAULT NULL COMMENT '角色名称',
  `remark` varchar(255) COLLATE utf8_unicode_ci DEFAULT NULL COMMENT '备注',
  `version` int(11) DEFAULT NULL COMMENT '乐观锁（版本号）',
  PRIMARY KEY (`id`)
) ENGINE=InnoDB AUTO_INCREMENT=7 DEFAULT CHARSET=utf8 COLLATE=utf8_unicode_ci;

-- ----------------------------
-- Records of sys_role
-- ----------------------------
INSERT INTO `sys_role` VALUES ('1', '系统管理员', '系统管理员角色', '5');
INSERT INTO `sys_role` VALUES ('6', '普通用户', '普通用户角色', '1');

-- ----------------------------
-- Table structure for `sys_role_menu`
-- ----------------------------
DROP TABLE IF EXISTS `sys_role_menu`;
CREATE TABLE `sys_role_menu` (
  `id` int(11) NOT NULL AUTO_INCREMENT COMMENT '自增ID',
  `role_id` int(11) DEFAULT NULL COMMENT '角色ID',
  `menu_id` int(11) DEFAULT NULL COMMENT '菜单ID',
  PRIMARY KEY (`id`)
) ENGINE=InnoDB AUTO_INCREMENT=236 DEFAULT CHARSET=utf8 COLLATE=utf8_unicode_ci;

-- ----------------------------
-- Records of sys_role_menu
-- ----------------------------
INSERT INTO `sys_role_menu` VALUES ('213', '1', '1');
INSERT INTO `sys_role_menu` VALUES ('214', '1', '2');
INSERT INTO `sys_role_menu` VALUES ('215', '1', '3');
INSERT INTO `sys_role_menu` VALUES ('216', '1', '4');
INSERT INTO `sys_role_menu` VALUES ('217', '1', '5');
INSERT INTO `sys_role_menu` VALUES ('218', '1', '11');
INSERT INTO `sys_role_menu` VALUES ('219', '1', '15');
INSERT INTO `sys_role_menu` VALUES ('220', '1', '6');
INSERT INTO `sys_role_menu` VALUES ('221', '1', '7');
INSERT INTO `sys_role_menu` VALUES ('222', '1', '8');
INSERT INTO `sys_role_menu` VALUES ('223', '1', '9');
INSERT INTO `sys_role_menu` VALUES ('224', '1', '10');
INSERT INTO `sys_role_menu` VALUES ('225', '1', '12');
INSERT INTO `sys_role_menu` VALUES ('226', '1', '13');
INSERT INTO `sys_role_menu` VALUES ('227', '1', '14');
INSERT INTO `sys_role_menu` VALUES ('228', '6', '6');
INSERT INTO `sys_role_menu` VALUES ('229', '6', '7');
INSERT INTO `sys_role_menu` VALUES ('230', '6', '8');
INSERT INTO `sys_role_menu` VALUES ('231', '6', '9');
INSERT INTO `sys_role_menu` VALUES ('232', '6', '10');
INSERT INTO `sys_role_menu` VALUES ('233', '6', '12');
INSERT INTO `sys_role_menu` VALUES ('234', '6', '13');
INSERT INTO `sys_role_menu` VALUES ('235', '6', '14');

-- ----------------------------
-- Table structure for `sys_user`
-- ----------------------------
DROP TABLE IF EXISTS `sys_user`;
CREATE TABLE `sys_user` (
  `id` int(11) NOT NULL AUTO_INCREMENT COMMENT '用户ID',
  `login_account` varchar(255) COLLATE utf8_unicode_ci DEFAULT NULL COMMENT '用户登录名称',
  `name` varchar(255) COLLATE utf8_unicode_ci DEFAULT NULL COMMENT '姓名',
  `password` varchar(255) COLLATE utf8_unicode_ci DEFAULT NULL COMMENT '用户密码',
  `version` int(11) DEFAULT NULL COMMENT '乐观锁（版本号）',
  PRIMARY KEY (`id`)
) ENGINE=InnoDB AUTO_INCREMENT=35 DEFAULT CHARSET=utf8 COLLATE=utf8_unicode_ci;

-- ----------------------------
-- Records of sys_user
-- ----------------------------
INSERT INTO `sys_user` VALUES ('1', 'admin', 'crawler', '26e398a706bcc819f4b593a3eaaa8697', '5');
INSERT INTO `sys_user` VALUES ('29', 'test', 'test', 'f74ad5b5c5271f653dbcf5641ca029bd', '1');

-- ----------------------------
-- Table structure for `sys_user_role`
-- ----------------------------
DROP TABLE IF EXISTS `sys_user_role`;
CREATE TABLE `sys_user_role` (
  `id` int(11) NOT NULL AUTO_INCREMENT COMMENT '自增ID',
  `user_id` int(11) DEFAULT NULL COMMENT '用户ID',
  `role_id` int(11) DEFAULT NULL COMMENT '角色ID',
  PRIMARY KEY (`id`)
) ENGINE=InnoDB AUTO_INCREMENT=96 DEFAULT CHARSET=utf8 COLLATE=utf8_unicode_ci;

-- ----------------------------
-- Records of sys_user_role
-- ----------------------------
INSERT INTO `sys_user_role` VALUES ('90', '29', '6');
INSERT INTO `sys_user_role` VALUES ('95', '1', '1');

-- ----------------------------
-- Table structure for `template_config`
-- ----------------------------
DROP TABLE IF EXISTS `template_config`;
CREATE TABLE `template_config` (
  `id` varchar(32) COLLATE utf8_unicode_ci NOT NULL,
  `url` varchar(255) COLLATE utf8_unicode_ci DEFAULT NULL,
  `first_level_pattern` varchar(255) COLLATE utf8_unicode_ci DEFAULT NULL,
  `title_pattern` varchar(255) COLLATE utf8_unicode_ci DEFAULT NULL,
  `time_pattern` varchar(255) COLLATE utf8_unicode_ci DEFAULT NULL,
  `content_pattern` varchar(255) COLLATE utf8_unicode_ci DEFAULT NULL,
  `version` int(11) DEFAULT NULL COMMENT '乐观锁（版本号）',
  `crawler_prefix` varchar(255) COLLATE utf8_unicode_ci DEFAULT NULL,
  `site_name` varchar(255) COLLATE utf8_unicode_ci DEFAULT NULL,
  PRIMARY KEY (`id`)
) ENGINE=InnoDB DEFAULT CHARSET=utf8 COLLATE=utf8_unicode_ci;

-- ----------------------------
-- Records of template_config
-- ----------------------------
INSERT INTO `template_config` VALUES ('13118d0ada1741f0b5d816907cf7178c', 'http://www.oschina.net/news/project', '#software-news .main-info > a', 'h1', 'span .mr:eq(0)', '.editor-viewer', '1', 'http://www.oschina.net', '开源中国社区');
